county,precinct,contest_name,election_date,dem_votes,rep_votes,other_votes,total_votes,winner,vote_diff,margin_pct,dem_margin_pct,dva_pct_needed
FORSYTH,132,NC AUDITOR,2024-11-05,1840,1841,0,3681,REP,1,0.03,-0.03,0.05
FORSYTH,43,NC ATTORNEY GENERAL,2024-11-05,1062,1061,0,2123,DEM,1,0.05,0.05,0.09
FORSYTH,803,NC COURT OF APPEALS JUDGE SEAT 15,2024-11-05,702,703,0,1405,REP,1,0.07,-0.07,0.14
FORSYTH,16,NC ATTORNEY GENERAL,2024-11-05,1164,1166,0,2330,REP,2,0.09,-0.09,0.13
FORSYTH,71,NC ATTORNEY GENERAL,2024-11-05,1565,1568,0,3133,REP,3,0.1,-0.1,0.13
FORSYTH,132,FORSYTH COUNTY BOARD OF COMMISSIONERS AT-LARGE,2022-11-08,1323,1320,0,2643,DEM,3,0.11,0.11,0.15
FORSYTH,908,NC ATTORNEY GENERAL,2020-11-03,1196,1193,0,2389,DEM,3,0.13,0.13,0.17
FORSYTH,809,CITY OF WINSTON-SALEM COUNCIL MEMBER WEST WARD,2024-11-05,1163,1166,0,2329,REP,3,0.13,-0.13,0.17
FORSYTH,62,FORSYTH COUNTY SHERIFF,2022-11-08,604,606,0,1210,REP,2,0.17,-0.17,0.25
FORSYTH,132,NC COURT OF APPEALS JUDGE SEAT 12,2024-11-05,1890,1897,0,3787,REP,7,0.18,-0.18,0.21
FORSYTH,807,NC COMMISSIONER OF INSURANCE,2024-11-05,779,776,0,1555,DEM,3,0.19,0.19,0.26
FORSYTH,52,NC ATTORNEY GENERAL,2024-11-05,500,502,0,1002,REP,2,0.2,-0.2,0.3
FORSYTH,908,NC COMMISSIONER OF INSURANCE,2020-11-03,1177,1172,0,2349,DEM,5,0.21,0.21,0.26
FORSYTH,43,NC SUPERINTENDENT OF PUBLIC INSTRUCTION,2024-11-05,1047,1052,0,2099,REP,5,0.24,-0.24,0.29
FORSYTH,807,NC COURT OF APPEALS JUDGE SEAT 04,2020-11-03,805,809,0,1614,REP,4,0.25,-0.25,0.31
FORSYTH,803,NC STATE SENATE DISTRICT 32,2022-11-08,603,600,0,1203,DEM,3,0.25,0.25,0.33
FORSYTH,63,FORSYTH COUNTY SHERIFF,2022-11-08,1096,1090,0,2186,DEM,6,0.27,0.27,0.32
FORSYTH,805,FORSYTH COUNTY BOARD OF COMMISSIONERS DISTRICT B,2020-11-03,2811,2827,0,5638,REP,16,0.28,-0.28,0.3
FORSYTH,16,NC SECRETARY OF STATE,2024-11-05,1155,1162,0,2317,REP,7,0.3,-0.3,0.34
FORSYTH,807,NC DISTRICT COURT JUDGE DISTRICT 21 SEAT 08,2020-11-03,789,784,0,1573,DEM,5,0.32,0.32,0.38
FORSYTH,701,NC TREASURER,2020-11-03,603,599,0,1202,DEM,4,0.33,0.33,0.42
FORSYTH,809,NC DISTRICT COURT JUDGE DISTRICT 31 SEAT 10,2024-11-05,1163,1171,0,2334,REP,8,0.34,-0.34,0.39
FORSYTH,77,NC SUPREME COURT ASSOCIATE JUSTICE SEAT 06,2024-11-05,1147,1139,0,2286,DEM,8,0.35,0.35,0.39
FORSYTH,908,NC COURT OF APPEALS JUDGE SEAT 09,2022-11-08,959,966,0,1925,REP,7,0.36,-0.36,0.42
FORSYTH,806,NC ATTORNEY GENERAL,2020-11-03,800,806,0,1606,REP,6,0.37,-0.37,0.44
FORSYTH,806,NC COURT OF APPEALS JUDGE SEAT 04,2020-11-03,784,778,0,1562,DEM,6,0.38,0.38,0.45
FORSYTH,52,NC SECRETARY OF STATE,2024-11-05,493,497,0,990,REP,4,0.4,-0.4,0.5
FORSYTH,43,NC GOVERNOR,2020-11-03,1057,1066,0,2123,REP,9,0.42,-0.42,0.47
FORSYTH,131,NC SUPREME COURT ASSOCIATE JUSTICE SEAT 06,2024-11-05,1520,1533,0,3053,REP,13,0.43,-0.43,0.46
FORSYTH,77,NC COURT OF APPEALS JUDGE SEAT 12,2024-11-05,1130,1140,0,2270,REP,10,0.44,-0.44,0.48
FORSYTH,806,NC COURT OF APPEALS JUDGE SEAT 15,2024-11-05,779,772,0,1551,DEM,7,0.45,0.45,0.52
FORSYTH,131,US SENATE,2022-11-08,1054,1064,0,2118,REP,10,0.47,-0.47,0.52
FORSYTH,803,NC HOUSE OF REPRESENTATIVES DISTRICT 072,2022-11-08,600,594,0,1194,DEM,6,0.5,0.5,0.59
FORSYTH,807,NC COURT OF APPEALS JUDGE SEAT 15,2024-11-05,777,769,0,1546,DEM,8,0.52,0.52,0.58
FORSYTH,132,US PRESIDENT,2024-11-05,1930,1909,0,3839,DEM,21,0.55,0.55,0.57
FORSYTH,55,NC ATTORNEY GENERAL,2024-11-05,1617,1635,0,3252,REP,18,0.55,-0.55,0.58
FORSYTH,32,NC SUPERINTENDENT OF PUBLIC INSTRUCTION,2024-11-05,1331,1346,0,2677,REP,15,0.56,-0.56,0.6
FORSYTH,809,NC TREASURER,2020-11-03,1157,1170,0,2327,REP,13,0.56,-0.56,0.6
FORSYTH,707,CITY OF WINSTON-SALEM COUNCIL MEMBER WEST WARD,2024-11-05,266,263,0,529,DEM,3,0.57,0.57,0.75
FORSYTH,807,FORSYTH COUNTY BOARD OF COMMISSIONERS DISTRICT B,2024-11-05,2033,2010,0,4043,DEM,23,0.57,0.57,0.59
FORSYTH,16,NC LIEUTENANT GOVERNOR,2024-11-05,1128,1115,0,2243,DEM,13,0.58,0.58,0.62
FORSYTH,807,NC COURT OF APPEALS JUDGE SEAT 14,2024-11-05,782,773,0,1555,DEM,9,0.58,0.58,0.64
FORSYTH,75,FORSYTH COUNTY SHERIFF,2022-11-08,248,245,0,493,DEM,3,0.61,0.61,0.81
FORSYTH,806,NC HOUSE OF REPRESENTATIVES DISTRICT 072,2020-11-03,784,774,0,1558,DEM,10,0.64,0.64,0.71
FORSYTH,55,NC SUPERINTENDENT OF PUBLIC INSTRUCTION,2024-11-05,1591,1612,0,3203,REP,21,0.66,-0.66,0.69
FORSYTH,908,NC COMMISSIONER OF AGRICULTURE,2024-11-05,1150,1135,0,2285,DEM,15,0.66,0.66,0.7
FORSYTH,804,NC DISTRICT COURT JUDGE DISTRICT 21 SEAT 08,2020-11-03,518,525,0,1043,REP,7,0.67,-0.67,0.77
FORSYTH,73,FORSYTH COUNTY SHERIFF,2022-11-08,1121,1106,0,2227,DEM,15,0.67,0.67,0.72
FORSYTH,908,NC COURT OF APPEALS JUDGE SEAT 07,2020-11-03,1165,1181,0,2346,REP,16,0.68,-0.68,0.72
FORSYTH,807,NC COMMISSIONER OF INSURANCE,2020-11-03,805,816,0,1621,REP,11,0.68,-0.68,0.74
FORSYTH,135,NC HOUSE OF REPRESENTATIVES DISTRICT 074,2024-11-05,1388,1407,0,2795,REP,19,0.68,-0.68,0.72
FORSYTH,54,NC SUPERINTENDENT OF PUBLIC INSTRUCTION,2024-11-05,1119,1136,0,2255,REP,17,0.75,-0.75,0.8
FORSYTH,14,FORSYTH COUNTY SHERIFF,2022-11-08,661,651,0,1312,DEM,10,0.76,0.76,0.84
FORSYTH,807,NC TREASURER,2024-11-05,772,784,0,1556,REP,12,0.77,-0.77,0.83
FORSYTH,71,NC SUPERINTENDENT OF PUBLIC INSTRUCTION,2024-11-05,1533,1557,0,3090,REP,24,0.78,-0.78,0.81
FORSYTH,908,NC COURT OF APPEALS JUDGE SEAT 04,2020-11-03,1182,1163,0,2345,DEM,19,0.81,0.81,0.85
FORSYTH,13,CITY OF WINSTON-SALEM MAYOR,2020-11-03,553,562,0,1115,REP,9,0.81,-0.81,0.9
FORSYTH,806,NC COURT OF APPEALS JUDGE SEAT 13,2020-11-03,786,773,0,1559,DEM,13,0.83,0.83,0.9
FORSYTH,62,NC GOVERNOR,2024-11-05,756,769,0,1525,REP,13,0.85,-0.85,0.92
FORSYTH,132,FORSYTH COUNTY BOARD OF EDUCATION AT-LARGE,2022-11-08,3610,3673,0,7283,REP,63,0.87,-0.87,0.88
FORSYTH,123,NC COMMISSIONER OF AGRICULTURE,2020-11-03,1227,1205,0,2432,DEM,22,0.9,0.9,0.94
FORSYTH,72,NC GOVERNOR,2020-11-03,2363,2406,0,4769,REP,43,0.9,-0.9,0.92
FORSYTH,806,NC DISTRICT COURT JUDGE DISTRICT 21 SEAT 08,2020-11-03,762,776,0,1538,REP,14,0.91,-0.91,0.97
FORSYTH,74,NC DISTRICT COURT JUDGE DISTRICT 21 SEAT 08,2020-11-03,1359,1385,0,2744,REP,26,0.95,-0.95,0.98
FORSYTH,806,NC COMMISSIONER OF LABOR,2020-11-03,789,774,0,1563,DEM,15,0.96,0.96,1.02
FORSYTH,802,NC COURT OF APPEALS JUDGE SEAT 07,2020-11-03,650,663,0,1313,REP,13,0.99,-0.99,1.06
FORSYTH,132,US SENATE,2022-11-08,1293,1319,0,2612,REP,26,1.0,-1.0,1.03
FORSYTH,806,NC COURT OF APPEALS JUDGE SEAT 10,2022-11-08,600,588,0,1188,DEM,12,1.01,1.01,1.09
FORSYTH,68,FORSYTH COUNTY SHERIFF,2022-11-08,784,768,0,1552,DEM,16,1.03,1.03,1.09
FORSYTH,54,NC GOVERNOR,2020-11-03,1105,1128,0,2233,REP,23,1.03,-1.03,1.07
FORSYTH,123,NC COURT OF APPEALS JUDGE SEAT 09,2022-11-08,827,810,0,1637,DEM,17,1.04,1.04,1.1
FORSYTH,131,NC AUDITOR,2024-11-05,1455,1486,0,2941,REP,31,1.05,-1.05,1.09
FORSYTH,74,NC COURT OF APPEALS JUDGE SEAT 07,2020-11-03,1420,1390,0,2810,DEM,30,1.07,1.07,1.1
FORSYTH,802,NC COURT OF APPEALS JUDGE SEAT 13,2020-11-03,658,644,0,1302,DEM,14,1.08,1.08,1.15
FORSYTH,131,FORSYTH COUNTY BOARD OF COMMISSIONERS AT-LARGE,2022-11-08,1055,1078,0,2133,REP,23,1.08,-1.08,1.12
FORSYTH,806,NC COURT OF APPEALS JUDGE SEAT 14,2024-11-05,778,795,0,1573,REP,17,1.08,-1.08,1.14
FORSYTH,135,US PRESIDENT,2024-11-05,1390,1421,0,2811,REP,31,1.1,-1.1,1.14
FORSYTH,807,NC LIEUTENANT GOVERNOR,2020-11-03,827,809,0,1636,DEM,18,1.1,1.1,1.16
FORSYTH,74,NC COURT OF APPEALS JUDGE SEAT 06,2020-11-03,1421,1390,0,2811,DEM,31,1.1,1.1,1.14
FORSYTH,16,NC SUPREME COURT ASSOCIATE JUSTICE SEAT 06,2024-11-05,1141,1167,0,2308,REP,26,1.13,-1.13,1.17
FORSYTH,908,NC COMMISSIONER OF LABOR,2020-11-03,1183,1156,0,2339,DEM,27,1.15,1.15,1.2
FORSYTH,805,NC COMMISSIONER OF AGRICULTURE,2020-11-03,1007,1031,0,2038,REP,24,1.18,-1.18,1.23
FORSYTH,908,US SENATE,2020-11-03,1186,1158,0,2344,DEM,28,1.19,1.19,1.24
FORSYTH,803,NC SECRETARY OF STATE,2020-11-03,734,752,0,1486,REP,18,1.21,-1.21,1.28
FORSYTH,74,NC DISTRICT COURT JUDGE DISTRICT 31 SEAT 10,2024-11-05,1456,1421,0,2877,DEM,35,1.22,1.22,1.25
FORSYTH,804,NC COMMISSIONER OF INSURANCE,2020-11-03,529,516,0,1045,DEM,13,1.24,1.24,1.34
FORSYTH,803,FORSYTH COUNTY BOARD OF COMMISSIONERS AT-LARGE,2022-11-08,597,612,0,1209,REP,15,1.24,-1.24,1.32
FORSYTH,135,NC SECRETARY OF STATE,2024-11-05,1418,1383,0,2801,DEM,35,1.25,1.25,1.28
FORSYTH,55,NC GOVERNOR,2020-11-03,1570,1610,0,3180,REP,40,1.26,-1.26,1.29
FORSYTH,74,NC TREASURER,2020-11-03,1396,1432,0,2828,REP,36,1.27,-1.27,1.31
FORSYTH,806,NC TREASURER,2024-11-05,776,796,0,1572,REP,20,1.27,-1.27,1.33
FORSYTH,32,NC ATTORNEY GENERAL,2024-11-05,1338,1373,0,2711,REP,35,1.29,-1.29,1.33
FORSYTH,134,NC HOUSE OF REPRESENTATIVES DISTRICT 074,2024-11-05,1367,1403,0,2770,REP,36,1.3,-1.3,1.33
FORSYTH,31,NC GOVERNOR,2024-11-05,780,801,0,1581,REP,21,1.33,-1.33,1.39
FORSYTH,16,US HOUSE OF REPRESENTATIVES DISTRICT 06,2022-11-08,743,763,0,1506,REP,20,1.33,-1.33,1.39
FORSYTH,806,NC COMMISSIONER OF INSURANCE,2020-11-03,794,773,0,1567,DEM,21,1.34,1.34,1.4
FORSYTH,131,NC COURT OF APPEALS JUDGE SEAT 12,2024-11-05,1497,1538,0,3035,REP,41,1.35,-1.35,1.38
FORSYTH,51,NC ATTORNEY GENERAL,2024-11-05,1246,1280,0,2526,REP,34,1.35,-1.35,1.38
FORSYTH,131,NC STATE SENATE DISTRICT 32,2022-11-08,1049,1078,0,2127,REP,29,1.36,-1.36,1.41
FORSYTH,809,NC DISTRICT COURT JUDGE DISTRICT 21 SEAT 08,2020-11-03,1150,1119,0,2269,DEM,31,1.37,1.37,1.41
FORSYTH,802,NC COMMISSIONER OF LABOR,2020-11-03,664,646,0,1310,DEM,18,1.37,1.37,1.45
FORSYTH,132,NC HOUSE OF REPRESENTATIVES DISTRICT 074,2024-11-05,1922,1869,0,3791,DEM,53,1.4,1.4,1.42
FORSYTH,804,NC COMMISSIONER OF AGRICULTURE,2024-11-05,534,519,0,1053,DEM,15,1.42,1.42,1.52
FORSYTH,14,NC GOVERNOR,2024-11-05,887,862,0,1749,DEM,25,1.43,1.43,1.48
FORSYTH,131,FORSYTH COUNTY BOARD OF EDUCATION AT-LARGE,2022-11-08,2900,2984,0,5884,REP,84,1.43,-1.43,1.44
FORSYTH,807,NC COURT OF APPEALS JUDGE SEAT 06,2020-11-03,792,815,0,1607,REP,23,1.43,-1.43,1.49
FORSYTH,802,NC COURT OF APPEALS JUDGE SEAT 06,2020-11-03,646,665,0,1311,REP,19,1.45,-1.45,1.52
FORSYTH,135,NC LIEUTENANT GOVERNOR,2024-11-05,1363,1404,0,2767,REP,41,1.48,-1.48,1.52
FORSYTH,908,NC COURT OF APPEALS JUDGE SEAT 06,2020-11-03,1154,1189,0,2343,REP,35,1.49,-1.49,1.54
FORSYTH,806,US HOUSE OF REPRESENTATIVES DISTRICT 05,2022-11-08,613,595,0,1208,DEM,18,1.49,1.49,1.57
FORSYTH,806,NC LIEUTENANT GOVERNOR,2020-11-03,808,784,0,1592,DEM,24,1.51,1.51,1.57
FORSYTH,34,NC GOVERNOR,2024-11-05,872,846,0,1718,DEM,26,1.51,1.51,1.57
FORSYTH,701,FORSYTH COUNTY BOARD OF COMMISSIONERS DISTRICT B,2020-11-03,1580,1629,0,3209,REP,49,1.53,-1.53,1.56
FORSYTH,77,US PRESIDENT,2024-11-05,1140,1176,0,2316,REP,36,1.55,-1.55,1.6
FORSYTH,807,NC COURT OF APPEALS JUDGE SEAT 09,2022-11-08,603,622,0,1225,REP,19,1.55,-1.55,1.63
FORSYTH,802,NC COURT OF APPEALS JUDGE SEAT 09,2022-11-08,618,599,0,1217,DEM,19,1.56,1.56,1.64
FORSYTH,131,US PRESIDENT,2024-11-05,1514,1562,0,3076,REP,48,1.56,-1.56,1.59
FORSYTH,802,NC COMMISSIONER OF AGRICULTURE,2024-11-05,690,712,0,1402,REP,22,1.57,-1.57,1.64
FORSYTH,806,NC SUPERINTENDENT OF PUBLIC INSTRUCTION,2020-11-03,799,774,0,1573,DEM,25,1.59,1.59,1.65
FORSYTH,908,NC SUPREME COURT ASSOCIATE JUSTICE SEAT 04,2020-11-03,1197,1159,0,2356,DEM,38,1.61,1.61,1.65
FORSYTH,909,DISTRICT ATTORNEY DISTRICT 31,2022-11-08,396,409,0,805,REP,13,1.61,-1.61,1.73
FORSYTH,805,NC COMMISSIONER OF AGRICULTURE,2024-11-05,1039,1006,0,2045,DEM,33,1.61,1.61,1.66
FORSYTH,52,NC SUPERINTENDENT OF PUBLIC INSTRUCTION,2024-11-05,503,487,0,990,DEM,16,1.62,1.62,1.71
FORSYTH,123,FORSYTH COUNTY BOARD OF COMMISSIONERS DISTRICT B,2020-11-03,3113,3216,0,6329,REP,103,1.63,-1.63,1.64
FORSYTH,807,US HOUSE OF REPRESENTATIVES DISTRICT 10,2024-11-05,741,717,0,1458,DEM,24,1.65,1.65,1.71
FORSYTH,74,US HOUSE OF REPRESENTATIVES DISTRICT 10,2020-11-03,1429,1382,0,2811,DEM,47,1.67,1.67,1.71
FORSYTH,802,NC COURT OF APPEALS JUDGE SEAT 05,2020-11-03,666,644,0,1310,DEM,22,1.68,1.68,1.75
FORSYTH,805,NC DISTRICT COURT JUDGE DISTRICT 31 SEAT 10,2024-11-05,1041,1006,0,2047,DEM,35,1.71,1.71,1.76
FORSYTH,805,NC TREASURER,2020-11-03,1033,998,0,2031,DEM,35,1.72,1.72,1.77
FORSYTH,806,US HOUSE OF REPRESENTATIVES DISTRICT 10,2024-11-05,761,735,0,1496,DEM,26,1.74,1.74,1.8
FORSYTH,131,NC HOUSE OF REPRESENTATIVES DISTRICT 074,2022-11-08,1049,1087,0,2136,REP,38,1.78,-1.78,1.82
FORSYTH,803,NC COURT OF APPEALS JUDGE SEAT 11,2022-11-08,580,601,0,1181,REP,21,1.78,-1.78,1.86
FORSYTH,806,NC COURT OF APPEALS JUDGE SEAT 05,2020-11-03,795,767,0,1562,DEM,28,1.79,1.79,1.85
FORSYTH,67,NC SUPERINTENDENT OF PUBLIC INSTRUCTION,2024-11-05,687,712,0,1399,REP,25,1.79,-1.79,1.86
FORSYTH,77,NC HOUSE OF REPRESENTATIVES DISTRICT 074,2024-11-05,1158,1117,0,2275,DEM,41,1.8,1.8,1.84
FORSYTH,131,NC LIEUTENANT GOVERNOR,2024-11-05,1520,1466,0,2986,DEM,54,1.81,1.81,1.84
FORSYTH,68,NC GOVERNOR,2024-11-05,1098,1059,0,2157,DEM,39,1.81,1.81,1.85
FORSYTH,74,NC COURT OF APPEALS JUDGE SEAT 04,2020-11-03,1434,1383,0,2817,DEM,51,1.81,1.81,1.84
FORSYTH,132,NC SECRETARY OF STATE,2020-11-03,1729,1793,0,3522,REP,64,1.82,-1.82,1.84
FORSYTH,908,NC COURT OF APPEALS JUDGE SEAT 05,2020-11-03,1194,1151,0,2345,DEM,43,1.83,1.83,1.87
FORSYTH,74,NC COURT OF APPEALS JUDGE SEAT 13,2020-11-03,1422,1371,0,2793,DEM,51,1.83,1.83,1.86
FORSYTH,77,US SENATE,2022-11-08,723,750,0,1473,REP,27,1.83,-1.83,1.9
FORSYTH,806,NC COURT OF APPEALS JUDGE SEAT 09,2022-11-08,584,606,0,1190,REP,22,1.85,-1.85,1.93
FORSYTH,42,DISTRICT ATTORNEY DISTRICT 31,2022-11-08,828,798,0,1626,DEM,30,1.85,1.85,1.9
FORSYTH,807,NC COURT OF APPEALS JUDGE SEAT 07,2020-11-03,818,788,0,1606,DEM,30,1.87,1.87,1.93
FORSYTH,132,NC STATE SENATE DISTRICT 32,2022-11-08,1293,1343,0,2636,REP,50,1.9,-1.9,1.93
FORSYTH,61,FORSYTH COUNTY SHERIFF,2022-11-08,588,566,0,1154,DEM,22,1.91,1.91,1.99
FORSYTH,806,NC COURT OF APPEALS JUDGE SEAT 06,2020-11-03,796,766,0,1562,DEM,30,1.92,1.92,1.98
FORSYTH,74,NC ATTORNEY GENERAL,2020-11-03,1456,1401,0,2857,DEM,55,1.93,1.93,1.96
FORSYTH,804,CITY OF WINSTON-SALEM COUNCIL MEMBER WEST WARD,2024-11-05,528,508,0,1036,DEM,20,1.93,1.93,2.02
FORSYTH,802,US SENATE,2020-11-03,687,661,0,1348,DEM,26,1.93,1.93,2.0
FORSYTH,77,FORSYTH COUNTY BOARD OF COMMISSIONERS AT-LARGE,2022-11-08,732,761,0,1493,REP,29,1.94,-1.94,2.01
FORSYTH,123,NC TREASURER,2020-11-03,1237,1190,0,2427,DEM,47,1.94,1.94,1.98
FORSYTH,74,NC COMMISSIONER OF INSURANCE,2020-11-03,1435,1380,0,2815,DEM,55,1.95,1.95,1.99
FORSYTH,132,FORSYTH COUNTY BOARD OF COMMISSIONERS DISTRICT B,2024-11-05,4647,4832,0,9479,REP,185,1.95,-1.95,1.96
FORSYTH,807,NC COURT OF APPEALS JUDGE SEAT 05,2020-11-03,820,788,0,1608,DEM,32,1.99,1.99,2.05
FORSYTH,809,NC COMMISSIONER OF AGRICULTURE,2024-11-05,1150,1197,0,2347,REP,47,2.0,-2.0,2.04
FORSYTH,11,NC GOVERNOR,2020-11-03,1923,2003,0,3926,REP,80,2.04,-2.04,2.06
FORSYTH,74,NC SUPERINTENDENT OF PUBLIC INSTRUCTION,2020-11-03,1439,1381,0,2820,DEM,58,2.06,2.06,2.09
FORSYTH,43,NC COURT OF APPEALS JUDGE SEAT 12,2024-11-05,1025,1069,0,2094,REP,44,2.1,-2.1,2.15
FORSYTH,908,NC DISTRICT COURT JUDGE DISTRICT 31 SEAT 10,2024-11-05,1180,1131,0,2311,DEM,49,2.12,2.12,2.16
FORSYTH,803,NC COURT OF APPEALS JUDGE SEAT 12,2024-11-05,721,691,0,1412,DEM,30,2.12,2.12,2.19
FORSYTH,15,NC ATTORNEY GENERAL,2024-11-05,1701,1775,0,3476,REP,74,2.13,-2.13,2.16
FORSYTH,77,NC AUDITOR,2024-11-05,1082,1129,0,2211,REP,47,2.13,-2.13,2.17
FORSYTH,74,NC COURT OF APPEALS JUDGE SEAT 05,2020-11-03,1436,1376,0,2812,DEM,60,2.13,2.13,2.17
FORSYTH,908,NC COURT OF APPEALS JUDGE SEAT 13,2020-11-03,1192,1142,0,2334,DEM,50,2.14,2.14,2.18
FORSYTH,132,NC SUPREME COURT ASSOCIATE JUSTICE SEAT 06,2024-11-05,1944,1862,0,3806,DEM,82,2.15,2.15,2.18
FORSYTH,52,NC LIEUTENANT GOVERNOR,2024-11-05,477,498,0,975,REP,21,2.15,-2.15,2.25
FORSYTH,52,US SENATE,2022-11-08,385,402,0,787,REP,17,2.16,-2.16,2.28
FORSYTH,16,NC SUPERINTENDENT OF PUBLIC INSTRUCTION,2024-11-05,1184,1133,0,2317,DEM,51,2.2,2.2,2.24
FORSYTH,74,NC COMMISSIONER OF AGRICULTURE,2024-11-05,1456,1393,0,2849,DEM,63,2.21,2.21,2.24
FORSYTH,73,NC GOVERNOR,2024-11-05,1337,1398,0,2735,REP,61,2.23,-2.23,2.27
FORSYTH,131,NC HOUSE OF REPRESENTATIVES DISTRICT 074,2024-11-05,1557,1489,0,3046,DEM,68,2.23,2.23,2.26
FORSYTH,43,NC SECRETARY OF STATE,2024-11-05,1030,1077,0,2107,REP,47,2.23,-2.23,2.28
FORSYTH,809,NC COURT OF APPEALS JUDGE SEAT 06,2020-11-03,1176,1124,0,2300,DEM,52,2.26,2.26,2.3
FORSYTH,802,NC LIEUTENANT GOVERNOR,2020-11-03,694,663,0,1357,DEM,31,2.28,2.28,2.35
FORSYTH,131,NC SUPREME COURT ASSOCIATE JUSTICE SEAT 05,2022-11-08,1048,1097,0,2145,REP,49,2.28,-2.28,2.33
FORSYTH,804,NC COMMISSIONER OF LABOR,2020-11-03,536,512,0,1048,DEM,24,2.29,2.29,2.38
FORSYTH,77,NC COMMISSIONER OF INSURANCE,2024-11-05,1108,1160,0,2268,REP,52,2.29,-2.29,2.33
FORSYTH,806,NC COMMISSIONER OF INSURANCE,2024-11-05,763,799,0,1562,REP,36,2.3,-2.3,2.37
FORSYTH,132,NC AUDITOR,2020-11-03,1712,1794,0,3506,REP,82,2.34,-2.34,2.37
FORSYTH,43,NC SECRETARY OF STATE,2020-11-03,1041,1092,0,2133,REP,51,2.39,-2.39,2.44
FORSYTH,74,NC LIEUTENANT GOVERNOR,2020-11-03,1454,1386,0,2840,DEM,68,2.39,2.39,2.43
FORSYTH,807,NC TREASURER,2020-11-03,788,827,0,1615,REP,39,2.41,-2.41,2.47
FORSYTH,135,NC SUPREME COURT ASSOCIATE JUSTICE SEAT 06,2024-11-05,1370,1438,0,2808,REP,68,2.42,-2.42,2.46
FORSYTH,807,US HOUSE OF REPRESENTATIVES DISTRICT 05,2022-11-08,633,603,0,1236,DEM,30,2.43,2.43,2.5
FORSYTH,101,DISTRICT ATTORNEY DISTRICT 31,2022-11-08,625,595,0,1220,DEM,30,2.46,2.46,2.54
FORSYTH,908,NC LIEUTENANT GOVERNOR,2020-11-03,1222,1163,0,2385,DEM,59,2.47,2.47,2.51
FORSYTH,807,NC SUPERINTENDENT OF PUBLIC INSTRUCTION,2020-11-03,831,791,0,1622,DEM,40,2.47,2.47,2.52
FORSYTH,807,NC COMMISSIONER OF LABOR,2020-11-03,827,787,0,1614,DEM,40,2.48,2.48,2.54
FORSYTH,803,NC SUPREME COURT ASSOCIATE JUSTICE SEAT 02,2020-11-03,723,760,0,1483,REP,37,2.49,-2.49,2.56
FORSYTH,807,NC COMMISSIONER OF LABOR,2024-11-05,751,790,0,1541,REP,39,2.53,-2.53,2.59
FORSYTH,807,NC STATE SENATE DISTRICT 32,2020-11-03,828,787,0,1615,DEM,41,2.54,2.54,2.6
FORSYTH,809,NC COURT OF APPEALS JUDGE SEAT 09,2022-11-08,1002,952,0,1954,DEM,50,2.56,2.56,2.61
FORSYTH,133,NC GOVERNOR,2020-11-03,2493,2624,0,5117,REP,131,2.56,-2.56,2.58
FORSYTH,74,NC STATE SENATE DISTRICT 32,2020-11-03,1441,1369,0,2810,DEM,72,2.56,2.56,2.6
FORSYTH,67,NC LIEUTENANT GOVERNOR,2024-11-05,660,695,0,1355,REP,35,2.58,-2.58,2.65
FORSYTH,43,NC LIEUTENANT GOVERNOR,2024-11-05,988,1041,0,2029,REP,53,2.61,-2.61,2.66
FORSYTH,101,FORSYTH COUNTY BOARD OF COMMISSIONERS DISTRICT B,2020-11-03,2249,2134,0,4383,DEM,115,2.62,2.62,2.65
FORSYTH,43,US SENATE,2020-11-03,999,1053,0,2052,REP,54,2.63,-2.63,2.68
FORSYTH,806,NC COMMISSIONER OF LABOR,2024-11-05,755,796,0,1551,REP,41,2.64,-2.64,2.7
FORSYTH,806,NC COURT OF APPEALS JUDGE SEAT 07,2020-11-03,803,761,0,1564,DEM,42,2.69,2.69,2.75
FORSYTH,807,NC COURT OF APPEALS JUDGE SEAT 11,2022-11-08,626,593,0,1219,DEM,33,2.71,2.71,2.78
FORSYTH,43,NC SUPREME COURT ASSOCIATE JUSTICE SEAT 06,2024-11-05,1024,1081,0,2105,REP,57,2.71,-2.71,2.75
FORSYTH,77,NC STATE SENATE DISTRICT 31,2024-11-05,1104,1166,0,2270,REP,62,2.73,-2.73,2.77
FORSYTH,132,NC SUPREME COURT ASSOCIATE JUSTICE SEAT 05,2022-11-08,1292,1365,0,2657,REP,73,2.75,-2.75,2.78
FORSYTH,804,NC ATTORNEY GENERAL,2020-11-03,558,528,0,1086,DEM,30,2.76,2.76,2.85
FORSYTH,701,NC COMMISSIONER OF AGRICULTURE,2020-11-03,615,582,0,1197,DEM,33,2.76,2.76,2.84
FORSYTH,132,NC COURT OF APPEALS JUDGE SEAT 15,2024-11-05,1834,1938,0,3772,REP,104,2.76,-2.76,2.78
FORSYTH,131,US HOUSE OF REPRESENTATIVES DISTRICT 10,2024-11-05,1388,1467,0,2855,REP,79,2.77,-2.77,2.8
FORSYTH,802,NC COMMISSIONER OF LABOR,2024-11-05,715,676,0,1391,DEM,39,2.8,2.8,2.87
FORSYTH,802,NC HOUSE OF REPRESENTATIVES DISTRICT 072,2020-11-03,639,676,0,1315,REP,37,2.81,-2.81,2.89
FORSYTH,132,NC COURT OF APPEALS JUDGE SEAT 08,2022-11-08,1281,1355,0,2636,REP,74,2.81,-2.81,2.84
FORSYTH,71,NC HOUSE OF REPRESENTATIVES DISTRICT 074,2024-11-05,1585,1498,0,3083,DEM,87,2.82,2.82,2.85
FORSYTH,806,US SENATE,2020-11-03,793,749,0,1542,DEM,44,2.85,2.85,2.91
FORSYTH,17,NC SUPERINTENDENT OF PUBLIC INSTRUCTION,2024-11-05,816,864,0,1680,REP,48,2.86,-2.86,2.91
FORSYTH,802,NC SUPERINTENDENT OF PUBLIC INSTRUCTION,2020-11-03,680,642,0,1322,DEM,38,2.87,2.87,2.95
FORSYTH,131,NC COURT OF APPEALS JUDGE SEAT 08,2022-11-08,1032,1093,0,2125,REP,61,2.87,-2.87,2.91
FORSYTH,74,NC COURT OF APPEALS JUDGE SEAT 09,2022-11-08,1081,1020,0,2101,DEM,61,2.9,2.9,2.95
FORSYTH,809,NC COMMISSIONER OF INSURANCE,2020-11-03,1183,1116,0,2299,DEM,67,2.91,2.91,2.96
FORSYTH,55,NC SECRETARY OF STATE,2024-11-05,1564,1658,0,3222,REP,94,2.92,-2.92,2.95
FORSYTH,15,NC SUPERINTENDENT OF PUBLIC INSTRUCTION,2024-11-05,1671,1772,0,3443,REP,101,2.93,-2.93,2.96
FORSYTH,132,NC SUPREME COURT ASSOCIATE JUSTICE SEAT 03,2022-11-08,1294,1373,0,2667,REP,79,2.96,-2.96,3.0
FORSYTH,701,NC DISTRICT COURT JUDGE DISTRICT 31 SEAT 10,2024-11-05,573,540,0,1113,DEM,33,2.96,2.96,3.05
FORSYTH,16,NC COURT OF APPEALS JUDGE SEAT 12,2024-11-05,1116,1184,0,2300,REP,68,2.96,-2.96,3.0
FORSYTH,132,US HOUSE OF REPRESENTATIVES DISTRICT 10,2024-11-05,1747,1854,0,3601,REP,107,2.97,-2.97,3.0
FORSYTH,77,US HOUSE OF REPRESENTATIVES DISTRICT 10,2024-11-05,1046,1110,0,2156,REP,64,2.97,-2.97,3.01
FORSYTH,74,NC SUPREME COURT ASSOCIATE JUSTICE SEAT 04,2020-11-03,1451,1367,0,2818,DEM,84,2.98,2.98,3.01
FORSYTH,807,NC HOUSE OF REPRESENTATIVES DISTRICT 074,2022-11-08,633,596,0,1229,DEM,37,3.01,3.01,3.09
FORSYTH,16,US SENATE,2022-11-08,722,767,0,1489,REP,45,3.02,-3.02,3.09
FORSYTH,132,NC LIEUTENANT GOVERNOR,2024-11-05,1921,1808,0,3729,DEM,113,3.03,3.03,3.06
FORSYTH,33,DISTRICT ATTORNEY DISTRICT 31,2022-11-08,594,559,0,1153,DEM,35,3.04,3.04,3.12
FORSYTH,807,NC SUPREME COURT ASSOCIATE JUSTICE SEAT 03,2022-11-08,637,599,0,1236,DEM,38,3.07,3.07,3.15
FORSYTH,135,US SENATE,2022-11-08,960,1022,0,1982,REP,62,3.13,-3.13,3.18
FORSYTH,67,NC SECRETARY OF STATE,2024-11-05,680,724,0,1404,REP,44,3.13,-3.13,3.2
FORSYTH,52,FORSYTH COUNTY BOARD OF COMMISSIONERS AT-LARGE,2022-11-08,385,410,0,795,REP,25,3.14,-3.14,3.26
FORSYTH,908,NC HOUSE OF REPRESENTATIVES DISTRICT 074,2020-11-03,1223,1148,0,2371,DEM,75,3.16,3.16,3.2
FORSYTH,71,NC GOVERNOR,2020-11-03,1501,1599,0,3100,REP,98,3.16,-3.16,3.19
FORSYTH,43,NC SUPREME COURT CHIEF JUSTICE SEAT 01,2020-11-03,1039,1107,0,2146,REP,68,3.17,-3.17,3.21
FORSYTH,132,NC STATE SENATE DISTRICT 31,2024-11-05,1828,1948,0,3776,REP,120,3.18,-3.18,3.2
FORSYTH,77,FORSYTH COUNTY BOARD OF COMMISSIONERS DISTRICT B,2024-11-05,2789,2972,0,5761,REP,183,3.18,-3.18,3.19
FORSYTH,802,NC COURT OF APPEALS JUDGE SEAT 04,2020-11-03,680,638,0,1318,DEM,42,3.19,3.19,3.26
FORSYTH,802,NC COMMISSIONER OF INSURANCE,2024-11-05,728,683,0,1411,DEM,45,3.19,3.19,3.26
FORSYTH,54,NC ATTORNEY GENERAL,2024-11-05,1103,1176,0,2279,REP,73,3.2,-3.2,3.24
FORSYTH,132,NC COURT OF APPEALS JUDGE SEAT 11,2022-11-08,1271,1355,0,2626,REP,84,3.2,-3.2,3.23
FORSYTH,132,CITY OF WINSTON-SALEM COUNCIL MEMBER NORTHWEST WARD,2024-11-05,1218,1142,0,2360,DEM,76,3.22,3.22,3.26
FORSYTH,62,US HOUSE OF REPRESENTATIVES DISTRICT 06,2020-11-03,90,96,0,186,REP,6,3.23,-3.23,3.72
FORSYTH,52,NC SECRETARY OF STATE,2020-11-03,505,539,0,1044,REP,34,3.26,-3.26,3.35
FORSYTH,132,NC COURT OF APPEALS JUDGE SEAT 10,2022-11-08,1271,1357,0,2628,REP,86,3.27,-3.27,3.31
FORSYTH,802,NC STATE SENATE DISTRICT 32,2020-11-03,677,634,0,1311,DEM,43,3.28,3.28,3.35
FORSYTH,77,NC LIEUTENANT GOVERNOR,2024-11-05,1165,1091,0,2256,DEM,74,3.28,3.28,3.32
FORSYTH,131,NC COURT OF APPEALS JUDGE SEAT 11,2022-11-08,1024,1094,0,2118,REP,70,3.31,-3.31,3.35
FORSYTH,131,NC GOVERNOR,2020-11-03,1452,1359,0,2811,DEM,93,3.31,3.31,3.34
FORSYTH,908,NC SUPERINTENDENT OF PUBLIC INSTRUCTION,2020-11-03,1214,1136,0,2350,DEM,78,3.32,3.32,3.36
FORSYTH,804,NC COURT OF APPEALS JUDGE SEAT 06,2020-11-03,543,508,0,1051,DEM,35,3.33,3.33,3.42
FORSYTH,132,US HOUSE OF REPRESENTATIVES DISTRICT 05,2022-11-08,1289,1378,0,2667,REP,89,3.34,-3.34,3.37
FORSYTH,807,NC COURT OF APPEALS JUDGE SEAT 10,2022-11-08,631,590,0,1221,DEM,41,3.36,3.36,3.43
FORSYTH,51,NC SUPERINTENDENT OF PUBLIC INSTRUCTION,2024-11-05,1207,1291,0,2498,REP,84,3.36,-3.36,3.4
FORSYTH,132,NC GOVERNOR,2020-11-03,1843,1723,0,3566,DEM,120,3.37,3.37,3.39
FORSYTH,132,US PRESIDENT,2020-11-03,1719,1839,0,3558,REP,120,3.37,-3.37,3.4
FORSYTH,55,NC LIEUTENANT GOVERNOR,2024-11-05,1523,1630,0,3153,REP,107,3.39,-3.39,3.42
FORSYTH,74,NC HOUSE OF REPRESENTATIVES DISTRICT 074,2020-11-03,1454,1358,0,2812,DEM,96,3.41,3.41,3.45
FORSYTH,807,NC COURT OF APPEALS JUDGE SEAT 08,2022-11-08,631,589,0,1220,DEM,42,3.44,3.44,3.52
FORSYTH,43,NC STATE SENATE DISTRICT 31,2020-11-03,1026,1099,0,2125,REP,73,3.44,-3.44,3.48
FORSYTH,807,NC COURT OF APPEALS JUDGE SEAT 13,2020-11-03,827,772,0,1599,DEM,55,3.44,3.44,3.5
FORSYTH,806,NC COURT OF APPEALS JUDGE SEAT 11,2022-11-08,614,573,0,1187,DEM,41,3.45,3.45,3.53
FORSYTH,131,NC COURT OF APPEALS JUDGE SEAT 10,2022-11-08,1020,1093,0,2113,REP,73,3.45,-3.45,3.5
FORSYTH,132,NC COURT OF APPEALS JUDGE SEAT 14,2024-11-05,1825,1956,0,3781,REP,131,3.46,-3.46,3.49
FORSYTH,74,NC COMMISSIONER OF LABOR,2020-11-03,1452,1355,0,2807,DEM,97,3.46,3.46,3.49
FORSYTH,77,NC COURT OF APPEALS JUDGE SEAT 15,2024-11-05,1093,1172,0,2265,REP,79,3.49,-3.49,3.53
FORSYTH,131,US HOUSE OF REPRESENTATIVES DISTRICT 05,2022-11-08,1038,1113,0,2151,REP,75,3.49,-3.49,3.53
FORSYTH,131,NC STATE SENATE DISTRICT 31,2024-11-05,1459,1565,0,3024,REP,106,3.51,-3.51,3.54
FORSYTH,804,NC COURT OF APPEALS JUDGE SEAT 04,2020-11-03,545,508,0,1053,DEM,37,3.51,3.51,3.6
FORSYTH,804,NC DISTRICT COURT JUDGE DISTRICT 31 SEAT 10,2024-11-05,504,541,0,1045,REP,37,3.54,-3.54,3.63
FORSYTH,802,NC COMMISSIONER OF INSURANCE,2020-11-03,635,682,0,1317,REP,47,3.57,-3.57,3.64
FORSYTH,132,NC COMMISSIONER OF INSURANCE,2024-11-05,1834,1970,0,3804,REP,136,3.58,-3.58,3.6
FORSYTH,123,FORSYTH COUNTY BOARD OF EDUCATION AT-LARGE,2022-11-08,2282,2124,0,4406,DEM,158,3.59,3.59,3.61
FORSYTH,806,NC SUPREME COURT ASSOCIATE JUSTICE SEAT 03,2022-11-08,621,578,0,1199,DEM,43,3.59,3.59,3.66
FORSYTH,807,NC ATTORNEY GENERAL,2020-11-03,850,791,0,1641,DEM,59,3.6,3.6,3.65
FORSYTH,43,NC AUDITOR,2020-11-03,1031,1108,0,2139,REP,77,3.6,-3.6,3.64
FORSYTH,32,NC SECRETARY OF STATE,2024-11-05,1293,1390,0,2683,REP,97,3.62,-3.62,3.65
FORSYTH,42,FORSYTH COUNTY BOARD OF COMMISSIONERS DISTRICT B,2020-11-03,3552,3303,0,6855,DEM,249,3.63,3.63,3.65
FORSYTH,131,NC SECRETARY OF STATE,2024-11-05,1586,1475,0,3061,DEM,111,3.63,3.63,3.66
FORSYTH,806,NC COURT OF APPEALS JUDGE SEAT 12,2024-11-05,814,757,0,1571,DEM,57,3.63,3.63,3.69
FORSYTH,11,CITY OF WINSTON-SALEM MAYOR,2020-11-03,1838,1977,0,3815,REP,139,3.64,-3.64,3.67
FORSYTH,74,US SENATE,2020-11-03,1423,1323,0,2746,DEM,100,3.64,3.64,3.68
FORSYTH,67,NC GOVERNOR,2020-11-03,699,752,0,1451,REP,53,3.65,-3.65,3.72
FORSYTH,74,NC COMMISSIONER OF AGRICULTURE,2020-11-03,1360,1463,0,2823,REP,103,3.65,-3.65,3.68
FORSYTH,67,NC SUPREME COURT ASSOCIATE JUSTICE SEAT 06,2024-11-05,669,720,0,1389,REP,51,3.67,-3.67,3.74
FORSYTH,74,NC COMMISSIONER OF LABOR,2024-11-05,1494,1388,0,2882,DEM,106,3.68,3.68,3.71
FORSYTH,803,US SENATE,2022-11-08,645,599,0,1244,DEM,46,3.7,3.7,3.77
FORSYTH,132,NC SECRETARY OF STATE,2024-11-05,1984,1841,0,3825,DEM,143,3.74,3.74,3.76
FORSYTH,809,NC COMMISSIONER OF LABOR,2024-11-05,1216,1128,0,2344,DEM,88,3.75,3.75,3.79
FORSYTH,52,NC SUPREME COURT ASSOCIATE JUSTICE SEAT 05,2022-11-08,385,415,0,800,REP,30,3.75,-3.75,3.87
FORSYTH,123,US HOUSE OF REPRESENTATIVES DISTRICT 05,2022-11-08,855,793,0,1648,DEM,62,3.76,3.76,3.82
FORSYTH,806,NC COURT OF APPEALS JUDGE SEAT 08,2022-11-08,617,572,0,1189,DEM,45,3.78,3.78,3.86
FORSYTH,908,NC STATE SENATE DISTRICT 32,2020-11-03,1220,1131,0,2351,DEM,89,3.79,3.79,3.82
FORSYTH,807,US PRESIDENT,2024-11-05,822,762,0,1584,DEM,60,3.79,3.79,3.85
FORSYTH,509,DISTRICT ATTORNEY DISTRICT 31,2022-11-08,589,546,0,1135,DEM,43,3.79,3.79,3.87
FORSYTH,51,NC SECRETARY OF STATE,2024-11-05,1209,1305,0,2514,REP,96,3.82,-3.82,3.86
FORSYTH,77,NC COURT OF APPEALS JUDGE SEAT 08,2022-11-08,714,771,0,1485,REP,57,3.84,-3.84,3.9
FORSYTH,123,NC HOUSE OF REPRESENTATIVES DISTRICT 074,2022-11-08,851,788,0,1639,DEM,63,3.84,3.84,3.9
FORSYTH,804,NC TREASURER,2020-11-03,512,553,0,1065,REP,41,3.85,-3.85,3.94
FORSYTH,806,NC AUDITOR,2024-11-05,794,735,0,1529,DEM,59,3.86,3.86,3.92
FORSYTH,807,NC AUDITOR,2024-11-05,781,723,0,1504,DEM,58,3.86,3.86,3.92
FORSYTH,802,NC TREASURER,2024-11-05,740,685,0,1425,DEM,55,3.86,3.86,3.92
FORSYTH,135,FORSYTH COUNTY BOARD OF EDUCATION AT-LARGE,2022-11-08,2662,2876,0,5538,REP,214,3.86,-3.86,3.88
FORSYTH,71,NC SECRETARY OF STATE,2024-11-05,1492,1612,0,3104,REP,120,3.87,-3.87,3.9
FORSYTH,803,NC SUPREME COURT ASSOCIATE JUSTICE SEAT 05,2022-11-08,639,591,0,1230,DEM,48,3.9,3.9,3.98
FORSYTH,809,NC COURT OF APPEALS JUDGE SEAT 07,2020-11-03,1193,1103,0,2296,DEM,90,3.92,3.92,3.96
FORSYTH,807,NC COURT OF APPEALS JUDGE SEAT 12,2024-11-05,809,748,0,1557,DEM,61,3.92,3.92,3.98
FORSYTH,74,NC SUPREME COURT ASSOCIATE JUSTICE SEAT 02,2020-11-03,1468,1357,0,2825,DEM,111,3.93,3.93,3.96
FORSYTH,52,NC GOVERNOR,2020-11-03,551,509,0,1060,DEM,42,3.96,3.96,4.05
FORSYTH,43,NC SUPREME COURT ASSOCIATE JUSTICE SEAT 04,2020-11-03,1027,1112,0,2139,REP,85,3.97,-3.97,4.02
FORSYTH,809,NC COMMISSIONER OF AGRICULTURE,2020-11-03,1109,1201,0,2310,REP,92,3.98,-3.98,4.02
FORSYTH,17,NC ATTORNEY GENERAL,2024-11-05,813,881,0,1694,REP,68,4.01,-4.01,4.07
FORSYTH,132,NC TREASURER,2024-11-05,1824,1977,0,3801,REP,153,4.03,-4.03,4.05
FORSYTH,132,NC HOUSE OF REPRESENTATIVES DISTRICT 074,2022-11-08,1269,1376,0,2645,REP,107,4.05,-4.05,4.08
FORSYTH,55,NC HOUSE OF REPRESENTATIVES DISTRICT 074,2024-11-05,1536,1667,0,3203,REP,131,4.09,-4.09,4.12
FORSYTH,123,NC DISTRICT COURT JUDGE DISTRICT 21 SEAT 08,2020-11-03,1230,1133,0,2363,DEM,97,4.1,4.1,4.14
FORSYTH,85,NC SUPERINTENDENT OF PUBLIC INSTRUCTION,2024-11-05,899,976,0,1875,REP,77,4.11,-4.11,4.16
FORSYTH,807,CITY OF WINSTON-SALEM COUNCIL MEMBER WEST WARD,2024-11-05,733,796,0,1529,REP,63,4.12,-4.12,4.18
FORSYTH,74,NC COURT OF APPEALS JUDGE SEAT 14,2024-11-05,1511,1391,0,2902,DEM,120,4.14,4.14,4.17
FORSYTH,132,NC SUPREME COURT CHIEF JUSTICE SEAT 01,2020-11-03,1687,1833,0,3520,REP,146,4.15,-4.15,4.17
FORSYTH,74,NC SUPREME COURT CHIEF JUSTICE SEAT 01,2020-11-03,1476,1358,0,2834,DEM,118,4.16,4.16,4.2
FORSYTH,131,US PRESIDENT,2020-11-03,1349,1466,0,2815,REP,117,4.16,-4.16,4.19
FORSYTH,806,FORSYTH COUNTY BOARD OF COMMISSIONERS DISTRICT B,2024-11-05,1970,2141,0,4111,REP,171,4.16,-4.16,4.18
FORSYTH,807,NC SUPREME COURT ASSOCIATE JUSTICE SEAT 04,2020-11-03,845,777,0,1622,DEM,68,4.19,4.19,4.25
FORSYTH,131,NC SUPREME COURT ASSOCIATE JUSTICE SEAT 03,2022-11-08,1029,1120,0,2149,REP,91,4.23,-4.23,4.28
FORSYTH,802,US HOUSE OF REPRESENTATIVES DISTRICT 06,2020-11-03,702,645,0,1347,DEM,57,4.23,4.23,4.3
FORSYTH,135,FORSYTH COUNTY BOARD OF COMMISSIONERS AT-LARGE,2022-11-08,952,1037,0,1989,REP,85,4.27,-4.27,4.32
FORSYTH,132,NC COMMISSIONER OF LABOR,2024-11-05,1808,1971,0,3779,REP,163,4.31,-4.31,4.34
FORSYTH,32,NC LIEUTENANT GOVERNOR,2024-11-05,1263,1377,0,2640,REP,114,4.32,-4.32,4.35
FORSYTH,77,NC HOUSE OF REPRESENTATIVES DISTRICT 074,2022-11-08,716,781,0,1497,REP,65,4.34,-4.34,4.4
FORSYTH,123,NC COURT OF APPEALS JUDGE SEAT 08,2022-11-08,853,782,0,1635,DEM,71,4.34,4.34,4.4
FORSYTH,52,NC AUDITOR,2020-11-03,496,541,0,1037,REP,45,4.34,-4.34,4.43
FORSYTH,16,NC COURT OF APPEALS JUDGE SEAT 08,2022-11-08,726,792,0,1518,REP,66,4.35,-4.35,4.41
FORSYTH,135,NC SUPERINTENDENT OF PUBLIC INSTRUCTION,2024-11-05,1462,1339,0,2801,DEM,123,4.39,4.39,4.42
FORSYTH,804,NC HOUSE OF REPRESENTATIVES DISTRICT 072,2020-11-03,547,501,0,1048,DEM,46,4.39,4.39,4.48
FORSYTH,803,US HOUSE OF REPRESENTATIVES DISTRICT 05,2022-11-08,597,652,0,1249,REP,55,4.4,-4.4,4.48
FORSYTH,77,NC COURT OF APPEALS JUDGE SEAT 14,2024-11-05,1083,1183,0,2266,REP,100,4.41,-4.41,4.45
FORSYTH,16,NC COURT OF APPEALS JUDGE SEAT 11,2022-11-08,723,790,0,1513,REP,67,4.43,-4.43,4.49
FORSYTH,803,US PRESIDENT,2020-11-03,786,719,0,1505,DEM,67,4.45,4.45,4.51
FORSYTH,803,NC SUPREME COURT ASSOCIATE JUSTICE SEAT 03,2022-11-08,590,645,0,1235,REP,55,4.45,-4.45,4.53
FORSYTH,807,US SENATE,2020-11-03,830,759,0,1589,DEM,71,4.47,4.47,4.53
FORSYTH,123,NC COURT OF APPEALS JUDGE SEAT 10,2022-11-08,853,780,0,1633,DEM,73,4.47,4.47,4.53
FORSYTH,131,NC COURT OF APPEALS JUDGE SEAT 15,2024-11-05,1443,1578,0,3021,REP,135,4.47,-4.47,4.5
FORSYTH,52,NC STATE SENATE DISTRICT 31,2020-11-03,499,546,0,1045,REP,47,4.5,-4.5,4.58
FORSYTH,807,NC COMMISSIONER OF AGRICULTURE,2020-11-03,773,846,0,1619,REP,73,4.51,-4.51,4.57
FORSYTH,77,NC SECRETARY OF STATE,2024-11-05,1201,1097,0,2298,DEM,104,4.53,4.53,4.57
FORSYTH,13,NC SUPERINTENDENT OF PUBLIC INSTRUCTION,2024-11-05,1548,1695,0,3243,REP,147,4.53,-4.53,4.56
FORSYTH,77,NC SUPREME COURT ASSOCIATE JUSTICE SEAT 05,2022-11-08,715,783,0,1498,REP,68,4.54,-4.54,4.6
FORSYTH,807,NC SUPREME COURT ASSOCIATE JUSTICE SEAT 05,2022-11-08,645,589,0,1234,DEM,56,4.54,4.54,4.61
FORSYTH,51,NC LIEUTENANT GOVERNOR,2024-11-05,1174,1286,0,2460,REP,112,4.55,-4.55,4.59
FORSYTH,15,NC LIEUTENANT GOVERNOR,2024-11-05,1610,1764,0,3374,REP,154,4.56,-4.56,4.59
FORSYTH,43,NC AUDITOR,2024-11-05,963,1055,0,2018,REP,92,4.56,-4.56,4.6
FORSYTH,51,NC GOVERNOR,2020-11-03,1188,1302,0,2490,REP,114,4.58,-4.58,4.61
FORSYTH,123,NC COURT OF APPEALS JUDGE SEAT 11,2022-11-08,854,779,0,1633,DEM,75,4.59,4.59,4.65
FORSYTH,806,NC STATE SENATE DISTRICT 32,2020-11-03,818,746,0,1564,DEM,72,4.6,4.6,4.66
FORSYTH,802,FORSYTH COUNTY BOARD OF COMMISSIONERS DISTRICT B,2024-11-05,1988,1813,0,3801,DEM,175,4.6,4.6,4.63
FORSYTH,16,NC SUPREME COURT ASSOCIATE JUSTICE SEAT 05,2022-11-08,723,793,0,1516,REP,70,4.62,-4.62,4.68
FORSYTH,74,CITY OF WINSTON-SALEM COUNCIL MEMBER WEST WARD,2024-11-05,1332,1214,0,2546,DEM,118,4.63,4.63,4.67
FORSYTH,131,NC SECRETARY OF STATE,2020-11-03,1324,1453,0,2777,REP,129,4.65,-4.65,4.68
FORSYTH,52,NC SUPREME COURT ASSOCIATE JUSTICE SEAT 06,2024-11-05,469,515,0,984,REP,46,4.67,-4.67,4.77
FORSYTH,52,NC HOUSE OF REPRESENTATIVES DISTRICT 074,2024-11-05,470,516,0,986,REP,46,4.67,-4.67,4.76
FORSYTH,131,NC AUDITOR,2020-11-03,1320,1450,0,2770,REP,130,4.69,-4.69,4.73
FORSYTH,908,US HOUSE OF REPRESENTATIVES DISTRICT 06,2020-11-03,1245,1133,0,2378,DEM,112,4.71,4.71,4.75
FORSYTH,809,NC TREASURER,2024-11-05,1245,1132,0,2377,DEM,113,4.75,4.75,4.79
FORSYTH,74,NC TREASURER,2024-11-05,1523,1385,0,2908,DEM,138,4.75,4.75,4.78
FORSYTH,77,NC COMMISSIONER OF LABOR,2024-11-05,1070,1178,0,2248,REP,108,4.8,-4.8,4.84
FORSYTH,54,NC HOUSE OF REPRESENTATIVES DISTRICT 074,2024-11-05,1071,1179,0,2250,REP,108,4.8,-4.8,4.84
FORSYTH,809,NC COURT OF APPEALS JUDGE SEAT 05,2020-11-03,1204,1093,0,2297,DEM,111,4.83,4.83,4.87
FORSYTH,123,NC COURT OF APPEALS JUDGE SEAT 04,2020-11-03,1267,1149,0,2416,DEM,118,4.88,4.88,4.92
FORSYTH,77,NC STATE SENATE DISTRICT 32,2022-11-08,701,773,0,1474,REP,72,4.88,-4.88,4.95
FORSYTH,803,NC AUDITOR,2020-11-03,702,774,0,1476,REP,72,4.88,-4.88,4.94
FORSYTH,43,NC SUPREME COURT ASSOCIATE JUSTICE SEAT 02,2020-11-03,1021,1126,0,2147,REP,105,4.89,-4.89,4.93
FORSYTH,123,NC STATE SENATE DISTRICT 32,2022-11-08,857,777,0,1634,DEM,80,4.9,4.9,4.95
FORSYTH,908,NC DISTRICT COURT JUDGE DISTRICT 21 SEAT 08,2020-11-03,1101,1215,0,2316,REP,114,4.92,-4.92,4.96
FORSYTH,43,NC COURT OF APPEALS JUDGE SEAT 15,2024-11-05,990,1093,0,2083,REP,103,4.94,-4.94,4.99
FORSYTH,15,NC SECRETARY OF STATE,2024-11-05,1642,1813,0,3455,REP,171,4.95,-4.95,4.98
FORSYTH,807,NC SUPREME COURT ASSOCIATE JUSTICE SEAT 02,2020-11-03,853,772,0,1625,DEM,81,4.98,4.98,5.04
FORSYTH,16,NC SUPREME COURT ASSOCIATE JUSTICE SEAT 03,2022-11-08,723,799,0,1522,REP,76,4.99,-4.99,5.05
FORSYTH,908,NC SUPREME COURT CHIEF JUSTICE SEAT 01,2020-11-03,1240,1122,0,2362,DEM,118,5.0,5.0,5.03
FORSYTH,805,CITY OF WINSTON-SALEM COUNCIL MEMBER WEST WARD,2024-11-05,1072,970,0,2042,DEM,102,5.0,5.0,5.04
FORSYTH,806,NC COMMISSIONER OF AGRICULTURE,2020-11-03,751,830,0,1581,REP,79,5.0,-5.0,5.05
FORSYTH,701,NC COMMISSIONER OF AGRICULTURE,2024-11-05,588,532,0,1120,DEM,56,5.0,5.0,5.08
FORSYTH,77,NC SUPREME COURT ASSOCIATE JUSTICE SEAT 03,2022-11-08,710,785,0,1495,REP,75,5.02,-5.02,5.08
FORSYTH,132,NC SUPREME COURT ASSOCIATE JUSTICE SEAT 02,2020-11-03,1670,1848,0,3518,REP,178,5.06,-5.06,5.09
FORSYTH,131,FORSYTH COUNTY BOARD OF COMMISSIONERS DISTRICT B,2024-11-05,3678,4072,0,7750,REP,394,5.08,-5.08,5.1
FORSYTH,908,US HOUSE OF REPRESENTATIVES DISTRICT 05,2022-11-08,1022,923,0,1945,DEM,99,5.09,5.09,5.14
FORSYTH,131,NC ATTORNEY GENERAL,2024-11-05,1620,1463,0,3083,DEM,157,5.09,5.09,5.12
FORSYTH,52,NC COURT OF APPEALS JUDGE SEAT 08,2022-11-08,372,412,0,784,REP,40,5.1,-5.1,5.22
FORSYTH,807,NC SUPREME COURT CHIEF JUSTICE SEAT 01,2020-11-03,854,771,0,1625,DEM,83,5.11,5.11,5.16
FORSYTH,85,NC SECRETARY OF STATE,2024-11-05,889,985,0,1874,REP,96,5.12,-5.12,5.17
FORSYTH,908,NC SUPREME COURT ASSOCIATE JUSTICE SEAT 02,2020-11-03,1241,1120,0,2361,DEM,121,5.12,5.12,5.16
FORSYTH,52,NC SUPREME COURT ASSOCIATE JUSTICE SEAT 03,2022-11-08,380,421,0,801,REP,41,5.12,-5.12,5.23
FORSYTH,807,US HOUSE OF REPRESENTATIVES DISTRICT 06,2020-11-03,860,776,0,1636,DEM,84,5.13,5.13,5.19
FORSYTH,43,NC COURT OF APPEALS JUDGE SEAT 05,2020-11-03,1008,1117,0,2125,REP,109,5.13,-5.13,5.17
FORSYTH,806,US HOUSE OF REPRESENTATIVES DISTRICT 06,2020-11-03,838,756,0,1594,DEM,82,5.14,5.14,5.2
FORSYTH,16,NC COURT OF APPEALS JUDGE SEAT 10,2022-11-08,719,797,0,1516,REP,78,5.15,-5.15,5.2
FORSYTH,67,NC STATE SENATE DISTRICT 31,2020-11-03,689,764,0,1453,REP,75,5.16,-5.16,5.22
FORSYTH,63,NC GOVERNOR,2024-11-05,1396,1548,0,2944,REP,152,5.16,-5.16,5.19
FORSYTH,77,NC SUPERINTENDENT OF PUBLIC INSTRUCTION,2024-11-05,1203,1085,0,2288,DEM,118,5.16,5.16,5.2
FORSYTH,43,NC COMMISSIONER OF LABOR,2020-11-03,1010,1120,0,2130,REP,110,5.16,-5.16,5.21
FORSYTH,67,NC AUDITOR,2024-11-05,633,702,0,1335,REP,69,5.17,-5.17,5.24
FORSYTH,123,NC LIEUTENANT GOVERNOR,2020-11-03,1292,1165,0,2457,DEM,127,5.17,5.17,5.21
FORSYTH,804,NC COMMISSIONER OF LABOR,2024-11-05,548,494,0,1042,DEM,54,5.18,5.18,5.27
FORSYTH,803,NC COURT OF APPEALS JUDGE SEAT 08,2022-11-08,567,629,0,1196,REP,62,5.18,-5.18,5.26
FORSYTH,132,NC ATTORNEY GENERAL,2024-11-05,2017,1817,0,3834,DEM,200,5.22,5.22,5.24
FORSYTH,15,FORSYTH COUNTY SHERIFF,2022-11-08,1017,916,0,1933,DEM,101,5.23,5.23,5.27
FORSYTH,74,NC COMMISSIONER OF INSURANCE,2024-11-05,1529,1377,0,2906,DEM,152,5.23,5.23,5.26
FORSYTH,52,FORSYTH COUNTY BOARD OF EDUCATION AT-LARGE,2022-11-08,1044,1160,0,2204,REP,116,5.26,-5.26,5.3
FORSYTH,123,DISTRICT ATTORNEY DISTRICT 31,2022-11-08,774,860,0,1634,REP,86,5.26,-5.26,5.32
FORSYTH,77,NC COURT OF APPEALS JUDGE SEAT 10,2022-11-08,701,779,0,1480,REP,78,5.27,-5.27,5.33
FORSYTH,809,FORSYTH COUNTY BOARD OF COMMISSIONERS DISTRICT B,2020-11-03,3050,3390,0,6440,REP,340,5.28,-5.28,5.29
FORSYTH,64,NC ATTORNEY GENERAL,2024-11-05,500,556,0,1056,REP,56,5.3,-5.3,5.39
FORSYTH,807,NC STATE SENATE DISTRICT 32,2022-11-08,643,578,0,1221,DEM,65,5.32,5.32,5.4
FORSYTH,74,FORSYTH COUNTY BOARD OF COMMISSIONERS DISTRICT B,2020-11-03,3500,3893,0,7393,REP,393,5.32,-5.32,5.33
FORSYTH,131,NC COURT OF APPEALS JUDGE SEAT 14,2024-11-05,1436,1598,0,3034,REP,162,5.34,-5.34,5.37
FORSYTH,77,NC TREASURER,2024-11-05,1081,1203,0,2284,REP,122,5.34,-5.34,5.38
FORSYTH,802,NC SUPREME COURT CHIEF JUSTICE SEAT 01,2020-11-03,709,637,0,1346,DEM,72,5.35,5.35,5.42
FORSYTH,74,FORSYTH COUNTY BOARD OF COMMISSIONERS DISTRICT B,2024-11-05,3849,3458,0,7307,DEM,391,5.35,5.35,5.36
FORSYTH,805,NC DISTRICT COURT JUDGE DISTRICT 21 SEAT 08,2020-11-03,1061,953,0,2014,DEM,108,5.36,5.36,5.41
FORSYTH,908,NC TREASURER,2020-11-03,1111,1237,0,2348,REP,126,5.37,-5.37,5.4
FORSYTH,67,FORSYTH COUNTY SHERIFF,2022-11-08,461,414,0,875,DEM,47,5.37,5.37,5.47
FORSYTH,809,NC COURT OF APPEALS JUDGE SEAT 04,2020-11-03,1215,1091,0,2306,DEM,124,5.38,5.38,5.42
FORSYTH,132,NC HOUSE OF REPRESENTATIVES DISTRICT 074,2020-11-03,1661,1850,0,3511,REP,189,5.38,-5.38,5.41
FORSYTH,908,NC COURT OF APPEALS JUDGE SEAT 14,2024-11-05,1222,1097,0,2319,DEM,125,5.39,5.39,5.43
FORSYTH,131,NC COMMISSIONER OF INSURANCE,2024-11-05,1438,1602,0,3040,REP,164,5.39,-5.39,5.42
FORSYTH,135,NC ATTORNEY GENERAL,2024-11-05,1494,1341,0,2835,DEM,153,5.4,5.4,5.43
FORSYTH,909,NC COURT OF APPEALS JUDGE SEAT 09,2022-11-08,427,383,0,810,DEM,44,5.43,5.43,5.54
FORSYTH,32,NC SUPREME COURT ASSOCIATE JUSTICE SEAT 06,2024-11-05,1267,1413,0,2680,REP,146,5.45,-5.45,5.48
FORSYTH,67,NC COURT OF APPEALS JUDGE SEAT 12,2024-11-05,658,734,0,1392,REP,76,5.46,-5.46,5.52
FORSYTH,43,US HOUSE OF REPRESENTATIVES DISTRICT 06,2020-11-03,1003,1119,0,2122,REP,116,5.47,-5.47,5.51
FORSYTH,806,NC SUPREME COURT ASSOCIATE JUSTICE SEAT 02,2020-11-03,837,750,0,1587,DEM,87,5.48,5.48,5.54
FORSYTH,64,NC SECRETARY OF STATE,2024-11-05,498,556,0,1054,REP,58,5.5,-5.5,5.59
FORSYTH,71,NC LIEUTENANT GOVERNOR,2024-11-05,1431,1598,0,3029,REP,167,5.51,-5.51,5.54
FORSYTH,123,NC COURT OF APPEALS JUDGE SEAT 06,2020-11-03,1273,1140,0,2413,DEM,133,5.51,5.51,5.55
FORSYTH,803,NC SUPREME COURT ASSOCIATE JUSTICE SEAT 06,2024-11-05,755,676,0,1431,DEM,79,5.52,5.52,5.58
FORSYTH,53,FORSYTH COUNTY SHERIFF,2022-11-08,954,854,0,1808,DEM,100,5.53,5.53,5.58
FORSYTH,806,FORSYTH COUNTY BOARD OF COMMISSIONERS AT-LARGE,2022-11-08,630,564,0,1194,DEM,66,5.53,5.53,5.6
FORSYTH,123,NC COMMISSIONER OF INSURANCE,2020-11-03,1278,1144,0,2422,DEM,134,5.53,5.53,5.57
FORSYTH,43,NC COURT OF APPEALS JUDGE SEAT 06,2020-11-03,1006,1124,0,2130,REP,118,5.54,-5.54,5.58
FORSYTH,806,US PRESIDENT,2024-11-05,846,757,0,1603,DEM,89,5.55,5.55,5.61
FORSYTH,708,DISTRICT ATTORNEY DISTRICT 31,2022-11-08,1178,1054,0,2232,DEM,124,5.56,5.56,5.6
FORSYTH,701,NC DISTRICT COURT JUDGE DISTRICT 21 SEAT 08,2020-11-03,615,550,0,1165,DEM,65,5.58,5.58,5.66
FORSYTH,43,NC HOUSE OF REPRESENTATIVES DISTRICT 075,2020-11-03,999,1117,0,2116,REP,118,5.58,-5.58,5.62
FORSYTH,802,NC SUPREME COURT ASSOCIATE JUSTICE SEAT 04,2020-11-03,699,625,0,1324,DEM,74,5.59,5.59,5.66
FORSYTH,52,US PRESIDENT,2024-11-05,471,527,0,998,REP,56,5.61,-5.61,5.7
FORSYTH,52,NC STATE SENATE DISTRICT 32,2022-11-08,370,414,0,784,REP,44,5.61,-5.61,5.73
FORSYTH,135,NC COURT OF APPEALS JUDGE SEAT 12,2024-11-05,1319,1476,0,2795,REP,157,5.62,-5.62,5.65
FORSYTH,17,NC LIEUTENANT GOVERNOR,2024-11-05,768,860,0,1628,REP,92,5.65,-5.65,5.71
FORSYTH,64,NC SUPERINTENDENT OF PUBLIC INSTRUCTION,2024-11-05,493,552,0,1045,REP,59,5.65,-5.65,5.73
FORSYTH,123,NC COMMISSIONER OF AGRICULTURE,2024-11-05,1261,1126,0,2387,DEM,135,5.66,5.66,5.69
FORSYTH,809,NC ATTORNEY GENERAL,2020-11-03,1242,1108,0,2350,DEM,134,5.7,5.7,5.74
FORSYTH,908,NC TREASURER,2024-11-05,1228,1095,0,2323,DEM,133,5.73,5.73,5.76
FORSYTH,74,DISTRICT ATTORNEY DISTRICT 31,2022-11-08,988,1108,0,2096,REP,120,5.73,-5.73,5.77
FORSYTH,16,NC AUDITOR,2024-11-05,1036,1162,0,2198,REP,126,5.73,-5.73,5.77
FORSYTH,77,FORSYTH COUNTY BOARD OF EDUCATION AT-LARGE,2022-11-08,1900,2132,0,4032,REP,232,5.75,-5.75,5.78
FORSYTH,132,NC ATTORNEY GENERAL,2020-11-03,1673,1878,0,3551,REP,205,5.77,-5.77,5.8
FORSYTH,807,FORSYTH COUNTY BOARD OF COMMISSIONERS DISTRICT B,2020-11-03,2049,2300,0,4349,REP,251,5.77,-5.77,5.79
FORSYTH,16,FORSYTH COUNTY BOARD OF EDUCATION AT-LARGE,2022-11-08,1950,2189,0,4139,REP,239,5.77,-5.77,5.8
FORSYTH,15,NC SUPREME COURT ASSOCIATE JUSTICE SEAT 06,2024-11-05,1621,1820,0,3441,REP,199,5.78,-5.78,5.81
FORSYTH,807,NC SUPREME COURT ASSOCIATE JUSTICE SEAT 06,2024-11-05,830,739,0,1569,DEM,91,5.8,5.8,5.86
FORSYTH,909,NC COMMISSIONER OF AGRICULTURE,2024-11-05,575,512,0,1087,DEM,63,5.8,5.8,5.88
FORSYTH,32,NC HOUSE OF REPRESENTATIVES DISTRICT 074,2024-11-05,1257,1412,0,2669,REP,155,5.81,-5.81,5.84
FORSYTH,132,NC STATE SENATE DISTRICT 32,2020-11-03,1644,1847,0,3491,REP,203,5.81,-5.81,5.84
FORSYTH,132,NC SUPERINTENDENT OF PUBLIC INSTRUCTION,2020-11-03,1655,1859,0,3514,REP,204,5.81,-5.81,5.83
FORSYTH,131,NC TREASURER,2024-11-05,1434,1612,0,3046,REP,178,5.84,-5.84,5.87
FORSYTH,54,NC LIEUTENANT GOVERNOR,2024-11-05,1047,1177,0,2224,REP,130,5.85,-5.85,5.88
FORSYTH,803,NC AUDITOR,2024-11-05,652,733,0,1385,REP,81,5.85,-5.85,5.91
FORSYTH,54,NC SECRETARY OF STATE,2024-11-05,1065,1198,0,2263,REP,133,5.88,-5.88,5.92
FORSYTH,132,US SENATE,2020-11-03,1611,1813,0,3424,REP,202,5.9,-5.9,5.93
FORSYTH,52,US PRESIDENT,2020-11-03,494,556,0,1050,REP,62,5.9,-5.9,5.99
FORSYTH,52,NC SUPREME COURT CHIEF JUSTICE SEAT 01,2020-11-03,494,556,0,1050,REP,62,5.9,-5.9,5.99
FORSYTH,67,NC SECRETARY OF STATE,2020-11-03,685,771,0,1456,REP,86,5.91,-5.91,5.97
FORSYTH,55,NC SUPREME COURT ASSOCIATE JUSTICE SEAT 06,2024-11-05,1509,1699,0,3208,REP,190,5.92,-5.92,5.95
FORSYTH,74,NC STATE SENATE DISTRICT 31,2024-11-05,1532,1360,0,2892,DEM,172,5.95,5.95,5.98
FORSYTH,807,NC DISTRICT COURT JUDGE DISTRICT 31 SEAT 10,2024-11-05,726,818,0,1544,REP,92,5.96,-5.96,6.02
FORSYTH,55,US PRESIDENT,2024-11-05,1529,1724,0,3253,REP,195,5.99,-5.99,6.02
FORSYTH,701,CITY OF WINSTON-SALEM COUNCIL MEMBER WEST WARD,2024-11-05,424,478,0,902,REP,54,5.99,-5.99,6.08
FORSYTH,43,NC COMMISSIONER OF INSURANCE,2020-11-03,1004,1132,0,2136,REP,128,5.99,-5.99,6.03
FORSYTH,807,NC HOUSE OF REPRESENTATIVES DISTRICT 074,2020-11-03,855,758,0,1613,DEM,97,6.01,6.01,6.07
FORSYTH,809,US SENATE,2020-11-03,1218,1080,0,2298,DEM,138,6.01,6.01,6.04
FORSYTH,803,NC STATE SENATE DISTRICT 32,2024-11-05,740,656,0,1396,DEM,84,6.02,6.02,6.08
FORSYTH,77,NC COURT OF APPEALS JUDGE SEAT 11,2022-11-08,695,784,0,1479,REP,89,6.02,-6.02,6.08
FORSYTH,806,NC STATE SENATE DISTRICT 32,2022-11-08,633,561,0,1194,DEM,72,6.03,6.03,6.1
FORSYTH,806,CITY OF WINSTON-SALEM COUNCIL MEMBER WEST WARD,2024-11-05,722,815,0,1537,REP,93,6.05,-6.05,6.11
FORSYTH,112,FORSYTH COUNTY SHERIFF,2022-11-08,891,789,0,1680,DEM,102,6.07,6.07,6.12
FORSYTH,123,NC SUPREME COURT ASSOCIATE JUSTICE SEAT 05,2022-11-08,872,772,0,1644,DEM,100,6.08,6.08,6.14
FORSYTH,13,NC GOVERNOR,2020-11-03,1524,1722,0,3246,REP,198,6.1,-6.1,6.13
FORSYTH,74,NC AUDITOR,2020-11-03,1495,1323,0,2818,DEM,172,6.1,6.1,6.13
FORSYTH,908,NC COMMISSIONER OF LABOR,2024-11-05,1218,1078,0,2296,DEM,140,6.1,6.1,6.14
FORSYTH,67,US SENATE,2020-11-03,662,748,0,1410,REP,86,6.1,-6.1,6.16
FORSYTH,807,FORSYTH COUNTY BOARD OF EDUCATION AT-LARGE,2022-11-08,1777,1572,0,3349,DEM,205,6.12,6.12,6.15
FORSYTH,803,US HOUSE OF REPRESENTATIVES DISTRICT 10,2024-11-05,629,711,0,1340,REP,82,6.12,-6.12,6.18
FORSYTH,74,NC HOUSE OF REPRESENTATIVES DISTRICT 074,2022-11-08,1115,986,0,2101,DEM,129,6.14,6.14,6.18
FORSYTH,803,NC STATE SENATE DISTRICT 32,2020-11-03,687,777,0,1464,REP,90,6.15,-6.15,6.21
FORSYTH,804,US SENATE,2020-11-03,561,496,0,1057,DEM,65,6.15,6.15,6.23
FORSYTH,51,NC SUPREME COURT ASSOCIATE JUSTICE SEAT 06,2024-11-05,1167,1320,0,2487,REP,153,6.15,-6.15,6.19
FORSYTH,807,NC STATE SENATE DISTRICT 32,2024-11-05,803,710,0,1513,DEM,93,6.15,6.15,6.2
FORSYTH,67,US PRESIDENT,2024-11-05,668,756,0,1424,REP,88,6.18,-6.18,6.24
FORSYTH,908,NC HOUSE OF REPRESENTATIVES DISTRICT 074,2022-11-08,1028,908,0,1936,DEM,120,6.2,6.2,6.24
FORSYTH,806,NC STATE SENATE DISTRICT 32,2024-11-05,805,711,0,1516,DEM,94,6.2,6.2,6.26
FORSYTH,809,NC COMMISSIONER OF LABOR,2020-11-03,1215,1073,0,2288,DEM,142,6.21,6.21,6.24
FORSYTH,43,US PRESIDENT,2024-11-05,997,1129,0,2126,REP,132,6.21,-6.21,6.25
FORSYTH,43,NC COURT OF APPEALS JUDGE SEAT 07,2020-11-03,999,1132,0,2131,REP,133,6.24,-6.24,6.28
FORSYTH,803,NC COURT OF APPEALS JUDGE SEAT 14,2024-11-05,660,748,0,1408,REP,88,6.25,-6.25,6.31
FORSYTH,43,NC SUPERINTENDENT OF PUBLIC INSTRUCTION,2020-11-03,1002,1136,0,2138,REP,134,6.27,-6.27,6.31
FORSYTH,52,NC HOUSE OF REPRESENTATIVES DISTRICT 074,2022-11-08,373,423,0,796,REP,50,6.28,-6.28,6.39
FORSYTH,807,FORSYTH COUNTY BOARD OF COMMISSIONERS AT-LARGE,2022-11-08,651,574,0,1225,DEM,77,6.29,6.29,6.36
FORSYTH,131,NC COMMISSIONER OF LABOR,2024-11-05,1412,1602,0,3014,REP,190,6.3,-6.3,6.33
FORSYTH,77,US HOUSE OF REPRESENTATIVES DISTRICT 05,2022-11-08,705,800,0,1505,REP,95,6.31,-6.31,6.37
FORSYTH,123,NC SUPREME COURT ASSOCIATE JUSTICE SEAT 03,2022-11-08,874,770,0,1644,DEM,104,6.33,6.33,6.38
FORSYTH,43,NC COURT OF APPEALS JUDGE SEAT 13,2020-11-03,995,1130,0,2125,REP,135,6.35,-6.35,6.39
FORSYTH,132,NC COMMISSIONER OF LABOR,2020-11-03,1638,1860,0,3498,REP,222,6.35,-6.35,6.37
FORSYTH,804,NC COURT OF APPEALS JUDGE SEAT 05,2020-11-03,560,493,0,1053,DEM,67,6.36,6.36,6.45
FORSYTH,135,NC SUPREME COURT ASSOCIATE JUSTICE SEAT 05,2022-11-08,942,1070,0,2012,REP,128,6.36,-6.36,6.41
FORSYTH,17,NC SECRETARY OF STATE,2024-11-05,787,894,0,1681,REP,107,6.37,-6.37,6.42
FORSYTH,16,FORSYTH COUNTY BOARD OF COMMISSIONERS AT-LARGE,2022-11-08,705,801,0,1506,REP,96,6.37,-6.37,6.43
FORSYTH,43,NC COMMISSIONER OF LABOR,2024-11-05,977,1110,0,2087,REP,133,6.37,-6.37,6.41
FORSYTH,123,NC COURT OF APPEALS JUDGE SEAT 07,2020-11-03,1283,1129,0,2412,DEM,154,6.38,6.38,6.42
FORSYTH,807,NC COMMISSIONER OF AGRICULTURE,2024-11-05,718,816,0,1534,REP,98,6.39,-6.39,6.45
FORSYTH,806,NC SUPREME COURT CHIEF JUSTICE SEAT 01,2020-11-03,849,747,0,1596,DEM,102,6.39,6.39,6.45
FORSYTH,131,NC SUPREME COURT CHIEF JUSTICE SEAT 01,2020-11-03,1304,1482,0,2786,REP,178,6.39,-6.39,6.42
FORSYTH,131,NC SUPERINTENDENT OF PUBLIC INSTRUCTION,2024-11-05,1629,1433,0,3062,DEM,196,6.4,6.4,6.43
FORSYTH,806,US SENATE,2022-11-08,630,554,0,1184,DEM,76,6.42,6.42,6.49
FORSYTH,43,NC COMMISSIONER OF INSURANCE,2024-11-05,984,1119,0,2103,REP,135,6.42,-6.42,6.46
FORSYTH,123,NC DISTRICT COURT JUDGE DISTRICT 31 SEAT 10,2024-11-05,1274,1120,0,2394,DEM,154,6.43,6.43,6.47
FORSYTH,135,NC STATE SENATE DISTRICT 32,2022-11-08,936,1065,0,2001,REP,129,6.45,-6.45,6.49
FORSYTH,52,US HOUSE OF REPRESENTATIVES DISTRICT 05,2022-11-08,377,429,0,806,REP,52,6.45,-6.45,6.56
FORSYTH,43,NC ATTORNEY GENERAL,2020-11-03,1007,1146,0,2153,REP,139,6.46,-6.46,6.5
FORSYTH,61,NC GOVERNOR,2020-11-03,811,923,0,1734,REP,112,6.46,-6.46,6.51
FORSYTH,809,NC COURT OF APPEALS JUDGE SEAT 13,2020-11-03,1217,1069,0,2286,DEM,148,6.47,6.47,6.51
FORSYTH,804,NC COURT OF APPEALS JUDGE SEAT 13,2020-11-03,559,491,0,1050,DEM,68,6.48,6.48,6.56
FORSYTH,131,US SENATE,2020-11-03,1266,1442,0,2708,REP,176,6.5,-6.5,6.53
FORSYTH,11,NC SECRETARY OF STATE,2020-11-03,1830,2085,0,3915,REP,255,6.51,-6.51,6.54
FORSYTH,52,US SENATE,2020-11-03,472,538,0,1010,REP,66,6.53,-6.53,6.62
FORSYTH,43,US PRESIDENT,2020-11-03,1001,1141,0,2142,REP,140,6.54,-6.54,6.58
FORSYTH,132,NC SUPERINTENDENT OF PUBLIC INSTRUCTION,2024-11-05,2034,1784,0,3818,DEM,250,6.55,6.55,6.57
FORSYTH,804,NC SUPREME COURT ASSOCIATE JUSTICE SEAT 02,2020-11-03,568,498,0,1066,DEM,70,6.57,6.57,6.65
FORSYTH,74,NC SUPREME COURT ASSOCIATE JUSTICE SEAT 03,2022-11-08,1125,986,0,2111,DEM,139,6.58,6.58,6.63
FORSYTH,804,NC COURT OF APPEALS JUDGE SEAT 07,2020-11-03,559,490,0,1049,DEM,69,6.58,6.58,6.66
FORSYTH,131,NC HOUSE OF REPRESENTATIVES DISTRICT 074,2020-11-03,1298,1481,0,2779,REP,183,6.59,-6.59,6.62
FORSYTH,135,CITY OF WINSTON-SALEM COUNCIL MEMBER WEST WARD,2024-11-05,870,993,0,1863,REP,123,6.6,-6.6,6.65
FORSYTH,123,NC SUPERINTENDENT OF PUBLIC INSTRUCTION,2020-11-03,1292,1132,0,2424,DEM,160,6.6,6.6,6.64
FORSYTH,43,NC COURT OF APPEALS JUDGE SEAT 14,2024-11-05,975,1113,0,2088,REP,138,6.61,-6.61,6.65
FORSYTH,809,NC COMMISSIONER OF INSURANCE,2024-11-05,1258,1102,0,2360,DEM,156,6.61,6.61,6.65
FORSYTH,908,NC COMMISSIONER OF AGRICULTURE,2020-11-03,1101,1257,0,2358,REP,156,6.62,-6.62,6.65
FORSYTH,131,NC SUPERINTENDENT OF PUBLIC INSTRUCTION,2020-11-03,1296,1480,0,2776,REP,184,6.63,-6.63,6.66
FORSYTH,53,NC GOVERNOR,2024-11-05,1195,1046,0,2241,DEM,149,6.65,6.65,6.69
FORSYTH,908,NC AUDITOR,2020-11-03,1251,1095,0,2346,DEM,156,6.65,6.65,6.69
FORSYTH,11,NC AUDITOR,2020-11-03,1823,2083,0,3906,REP,260,6.66,-6.66,6.68
FORSYTH,908,NC COURT OF APPEALS JUDGE SEAT 10,2022-11-08,1025,897,0,1922,DEM,128,6.66,6.66,6.7
FORSYTH,67,NC ATTORNEY GENERAL,2020-11-03,685,783,0,1468,REP,98,6.68,-6.68,6.73
FORSYTH,16,NC COURT OF APPEALS JUDGE SEAT 15,2024-11-05,1069,1222,0,2291,REP,153,6.68,-6.68,6.72
FORSYTH,134,NC ATTORNEY GENERAL,2024-11-05,1310,1498,0,2808,REP,188,6.7,-6.7,6.73
FORSYTH,67,NC SUPREME COURT CHIEF JUSTICE SEAT 01,2020-11-03,682,780,0,1462,REP,98,6.7,-6.7,6.76
FORSYTH,804,NC LIEUTENANT GOVERNOR,2020-11-03,572,500,0,1072,DEM,72,6.72,6.72,6.8
FORSYTH,804,NC COURT OF APPEALS JUDGE SEAT 09,2022-11-08,484,423,0,907,DEM,61,6.73,6.73,6.82
FORSYTH,43,NC HOUSE OF REPRESENTATIVES DISTRICT 075,2024-11-05,967,1107,0,2074,REP,140,6.75,-6.75,6.79
FORSYTH,908,NC COURT OF APPEALS JUDGE SEAT 08,2022-11-08,1025,895,0,1920,DEM,130,6.77,6.77,6.82
FORSYTH,803,NC COURT OF APPEALS JUDGE SEAT 10,2022-11-08,556,637,0,1193,REP,81,6.79,-6.79,6.86
FORSYTH,74,NC SECRETARY OF STATE,2020-11-03,1509,1317,0,2826,DEM,192,6.79,6.79,6.82
FORSYTH,807,US PRESIDENT,2020-11-03,871,760,0,1631,DEM,111,6.81,6.81,6.86
FORSYTH,809,FORSYTH COUNTY BOARD OF COMMISSIONERS DISTRICT B,2024-11-05,3384,2952,0,6336,DEM,432,6.82,6.82,6.83
FORSYTH,77,NC ATTORNEY GENERAL,2024-11-05,1239,1080,0,2319,DEM,159,6.86,6.86,6.89
FORSYTH,131,NC COURT OF APPEALS JUDGE SEAT 09,2022-11-08,984,1129,0,2113,REP,145,6.86,-6.86,6.9
FORSYTH,74,NC COURT OF APPEALS JUDGE SEAT 10,2022-11-08,1120,976,0,2096,DEM,144,6.87,6.87,6.91
FORSYTH,64,FORSYTH COUNTY SHERIFF,2022-11-08,389,339,0,728,DEM,50,6.87,6.87,6.99
FORSYTH,43,NC DISTRICT COURT JUDGE DISTRICT 21 SEAT 08,2020-11-03,955,1096,0,2051,REP,141,6.87,-6.87,6.92
FORSYTH,805,DISTRICT ATTORNEY DISTRICT 31,2022-11-08,799,917,0,1716,REP,118,6.88,-6.88,6.93
FORSYTH,809,NC SUPERINTENDENT OF PUBLIC INSTRUCTION,2020-11-03,1237,1077,0,2314,DEM,160,6.91,6.91,6.95
FORSYTH,802,NC COURT OF APPEALS JUDGE SEAT 14,2024-11-05,750,653,0,1403,DEM,97,6.91,6.91,6.98
FORSYTH,52,NC ATTORNEY GENERAL,2020-11-03,491,564,0,1055,REP,73,6.92,-6.92,7.0
FORSYTH,43,NC TREASURER,2024-11-05,975,1120,0,2095,REP,145,6.92,-6.92,6.96
FORSYTH,804,FORSYTH COUNTY BOARD OF COMMISSIONERS DISTRICT B,2020-11-03,1377,1582,0,2959,REP,205,6.93,-6.93,6.96
FORSYTH,131,NC STATE SENATE DISTRICT 32,2020-11-03,1283,1474,0,2757,REP,191,6.93,-6.93,6.96
FORSYTH,67,NC TREASURER,2024-11-05,651,748,0,1399,REP,97,6.93,-6.93,7.0
FORSYTH,131,NC ATTORNEY GENERAL,2020-11-03,1310,1505,0,2815,REP,195,6.93,-6.93,6.96
FORSYTH,806,NC SUPREME COURT ASSOCIATE JUSTICE SEAT 04,2020-11-03,839,730,0,1569,DEM,109,6.95,6.95,7.0
FORSYTH,908,NC COMMISSIONER OF INSURANCE,2024-11-05,1235,1074,0,2309,DEM,161,6.97,6.97,7.01
FORSYTH,123,FORSYTH COUNTY BOARD OF COMMISSIONERS AT-LARGE,2022-11-08,875,761,0,1636,DEM,114,6.97,6.97,7.02
FORSYTH,52,NC SUPREME COURT ASSOCIATE JUSTICE SEAT 02,2020-11-03,487,560,0,1047,REP,73,6.97,-6.97,7.05
FORSYTH,804,NC COMMISSIONER OF INSURANCE,2024-11-05,567,493,0,1060,DEM,74,6.98,6.98,7.06
FORSYTH,43,NC COURT OF APPEALS JUDGE SEAT 04,2020-11-03,992,1141,0,2133,REP,149,6.99,-6.99,7.03
FORSYTH,802,NC DISTRICT COURT JUDGE DISTRICT 21 SEAT 08,2020-11-03,612,704,0,1316,REP,92,6.99,-6.99,7.06
FORSYTH,74,NC COURT OF APPEALS JUDGE SEAT 15,2024-11-05,1550,1347,0,2897,DEM,203,7.01,7.01,7.04
FORSYTH,132,NC SUPREME COURT ASSOCIATE JUSTICE SEAT 04,2020-11-03,1631,1877,0,3508,REP,246,7.01,-7.01,7.04
FORSYTH,908,NC COURT OF APPEALS JUDGE SEAT 11,2022-11-08,1023,889,0,1912,DEM,134,7.01,7.01,7.05
FORSYTH,804,NC COMMISSIONER OF AGRICULTURE,2020-11-03,494,569,0,1063,REP,75,7.06,-7.06,7.14
FORSYTH,804,NC SUPERINTENDENT OF PUBLIC INSTRUCTION,2020-11-03,567,492,0,1059,DEM,75,7.08,7.08,7.16
FORSYTH,11,NC SUPREME COURT CHIEF JUSTICE SEAT 01,2020-11-03,1825,2103,0,3928,REP,278,7.08,-7.08,7.1
FORSYTH,43,NC STATE SENATE DISTRICT 31,2024-11-05,965,1112,0,2077,REP,147,7.08,-7.08,7.12
FORSYTH,909,NC DISTRICT COURT JUDGE DISTRICT 31 SEAT 10,2024-11-05,582,505,0,1087,DEM,77,7.08,7.08,7.16
FORSYTH,135,NC COURT OF APPEALS JUDGE SEAT 08,2022-11-08,929,1071,0,2000,REP,142,7.1,-7.1,7.14
FORSYTH,135,NC SUPREME COURT ASSOCIATE JUSTICE SEAT 03,2022-11-08,935,1078,0,2013,REP,143,7.1,-7.1,7.15
FORSYTH,123,NC COURT OF APPEALS JUDGE SEAT 13,2020-11-03,1289,1118,0,2407,DEM,171,7.1,7.1,7.14
FORSYTH,132,NC LIEUTENANT GOVERNOR,2020-11-03,1649,1901,0,3550,REP,252,7.1,-7.1,7.12
FORSYTH,132,NC COURT OF APPEALS JUDGE SEAT 09,2022-11-08,1225,1413,0,2638,REP,188,7.13,-7.13,7.16
FORSYTH,803,NC SUPREME COURT ASSOCIATE JUSTICE SEAT 04,2020-11-03,688,794,0,1482,REP,106,7.15,-7.15,7.21
FORSYTH,123,NC HOUSE OF REPRESENTATIVES DISTRICT 074,2020-11-03,1296,1123,0,2419,DEM,173,7.15,7.15,7.19
FORSYTH,52,NC COURT OF APPEALS JUDGE SEAT 11,2022-11-08,363,419,0,782,REP,56,7.16,-7.16,7.27
FORSYTH,82,NC COMMISSIONER OF AGRICULTURE,2020-11-03,1999,1732,0,3731,DEM,267,7.16,7.16,7.18
FORSYTH,101,NC TREASURER,2020-11-03,906,785,0,1691,DEM,121,7.16,7.16,7.21
FORSYTH,42,NC COURT OF APPEALS JUDGE SEAT 09,2022-11-08,875,758,0,1633,DEM,117,7.16,7.16,7.22
FORSYTH,74,US HOUSE OF REPRESENTATIVES DISTRICT 05,2022-11-08,1129,978,0,2107,DEM,151,7.17,7.17,7.21
FORSYTH,805,NC COURT OF APPEALS JUDGE SEAT 06,2020-11-03,1083,938,0,2021,DEM,145,7.17,7.17,7.22
FORSYTH,802,NC ATTORNEY GENERAL,2020-11-03,639,738,0,1377,REP,99,7.19,-7.19,7.25
FORSYTH,32,NC AUDITOR,2024-11-05,1200,1386,0,2586,REP,186,7.19,-7.19,7.23
FORSYTH,32,CITY OF WINSTON-SALEM MAYOR,2020-11-03,788,682,0,1470,DEM,106,7.21,7.21,7.27
FORSYTH,909,FORSYTH COUNTY BOARD OF COMMISSIONERS DISTRICT B,2020-11-03,1596,1381,0,2977,DEM,215,7.22,7.22,7.25
FORSYTH,123,NC COMMISSIONER OF LABOR,2020-11-03,1296,1121,0,2417,DEM,175,7.24,7.24,7.28
FORSYTH,65,NC SUPERINTENDENT OF PUBLIC INSTRUCTION,2024-11-05,1647,1904,0,3551,REP,257,7.24,-7.24,7.26
FORSYTH,52,NC COURT OF APPEALS JUDGE SEAT 10,2022-11-08,364,421,0,785,REP,57,7.26,-7.26,7.37
FORSYTH,51,US PRESIDENT,2024-11-05,1176,1360,0,2536,REP,184,7.26,-7.26,7.29
FORSYTH,809,NC COURT OF APPEALS JUDGE SEAT 14,2024-11-05,1271,1099,0,2370,DEM,172,7.26,7.26,7.29
FORSYTH,51,NC HOUSE OF REPRESENTATIVES DISTRICT 074,2024-11-05,1149,1329,0,2478,REP,180,7.26,-7.26,7.3
FORSYTH,16,NC HOUSE OF REPRESENTATIVES DISTRICT 075,2024-11-05,1066,1233,0,2299,REP,167,7.26,-7.26,7.3
FORSYTH,43,NC LIEUTENANT GOVERNOR,2020-11-03,997,1153,0,2150,REP,156,7.26,-7.26,7.3
FORSYTH,85,US HOUSE OF REPRESENTATIVES DISTRICT 06,2022-11-08,574,664,0,1238,REP,90,7.27,-7.27,7.34
FORSYTH,909,CITY OF WINSTON-SALEM COUNCIL MEMBER NORTHWEST WARD,2024-11-05,494,427,0,921,DEM,67,7.27,7.27,7.37
FORSYTH,134,NC SUPERINTENDENT OF PUBLIC INSTRUCTION,2024-11-05,1294,1497,0,2791,REP,203,7.27,-7.27,7.3
FORSYTH,67,NC SUPREME COURT ASSOCIATE JUSTICE SEAT 02,2020-11-03,678,785,0,1463,REP,107,7.31,-7.31,7.37
FORSYTH,135,US HOUSE OF REPRESENTATIVES DISTRICT 05,2022-11-08,938,1086,0,2024,REP,148,7.31,-7.31,7.35
FORSYTH,64,NC LIEUTENANT GOVERNOR,2024-11-05,469,543,0,1012,REP,74,7.31,-7.31,7.4
FORSYTH,67,NC AUDITOR,2020-11-03,671,777,0,1448,REP,106,7.32,-7.32,7.38
FORSYTH,74,US PRESIDENT,2020-11-03,1533,1324,0,2857,DEM,209,7.32,7.32,7.35
FORSYTH,131,NC SUPREME COURT ASSOCIATE JUSTICE SEAT 02,2020-11-03,1293,1498,0,2791,REP,205,7.35,-7.35,7.38
FORSYTH,71,NC SUPREME COURT ASSOCIATE JUSTICE SEAT 06,2024-11-05,1434,1662,0,3096,REP,228,7.36,-7.36,7.39
FORSYTH,132,NC COURT OF APPEALS JUDGE SEAT 13,2020-11-03,1615,1872,0,3487,REP,257,7.37,-7.37,7.39
FORSYTH,61,NC SUPERINTENDENT OF PUBLIC INSTRUCTION,2024-11-05,810,939,0,1749,REP,129,7.38,-7.38,7.42
FORSYTH,132,NC DISTRICT COURT JUDGE DISTRICT 31 SEAT 10,2024-11-05,1739,2017,0,3756,REP,278,7.4,-7.4,7.42
FORSYTH,85,NC ATTORNEY GENERAL,2024-11-05,873,1013,0,1886,REP,140,7.42,-7.42,7.47
FORSYTH,908,NC SUPREME COURT ASSOCIATE JUSTICE SEAT 03,2022-11-08,1044,899,0,1943,DEM,145,7.46,7.46,7.51
FORSYTH,804,US HOUSE OF REPRESENTATIVES DISTRICT 06,2020-11-03,576,496,0,1072,DEM,80,7.46,7.46,7.54
FORSYTH,65,FORSYTH COUNTY SHERIFF,2022-11-08,1343,1156,0,2499,DEM,187,7.48,7.48,7.52
FORSYTH,806,NC SUPREME COURT ASSOCIATE JUSTICE SEAT 05,2022-11-08,646,556,0,1202,DEM,90,7.49,7.49,7.56
FORSYTH,807,NC HOUSE OF REPRESENTATIVES DISTRICT 074,2024-11-05,839,722,0,1561,DEM,117,7.5,7.5,7.55
FORSYTH,805,NC COURT OF APPEALS JUDGE SEAT 09,2022-11-08,915,787,0,1702,DEM,128,7.52,7.52,7.57
FORSYTH,132,NC COURT OF APPEALS JUDGE SEAT 05,2020-11-03,1620,1884,0,3504,REP,264,7.53,-7.53,7.56
FORSYTH,55,US SENATE,2022-11-08,1062,1235,0,2297,REP,173,7.53,-7.53,7.57
FORSYTH,61,NC GOVERNOR,2024-11-05,899,773,0,1672,DEM,126,7.54,7.54,7.59
FORSYTH,16,NC COURT OF APPEALS JUDGE SEAT 09,2022-11-08,699,813,0,1512,REP,114,7.54,-7.54,7.6
FORSYTH,131,NC SUPREME COURT ASSOCIATE JUSTICE SEAT 04,2020-11-03,1285,1495,0,2780,REP,210,7.55,-7.55,7.58
FORSYTH,71,US PRESIDENT,2024-11-05,1458,1696,0,3154,REP,238,7.55,-7.55,7.57
FORSYTH,803,FORSYTH COUNTY BOARD OF COMMISSIONERS DISTRICT B,2024-11-05,1795,2089,0,3884,REP,294,7.57,-7.57,7.59
FORSYTH,123,US SENATE,2020-11-03,1277,1097,0,2374,DEM,180,7.58,7.58,7.62
FORSYTH,123,NC SUPREME COURT ASSOCIATE JUSTICE SEAT 04,2020-11-03,1309,1124,0,2433,DEM,185,7.6,7.6,7.64
FORSYTH,101,NC COMMISSIONER OF AGRICULTURE,2020-11-03,913,784,0,1697,DEM,129,7.6,7.6,7.65
FORSYTH,123,NC COMMISSIONER OF INSURANCE,2024-11-05,1307,1122,0,2429,DEM,185,7.62,7.62,7.65
FORSYTH,135,NC COURT OF APPEALS JUDGE SEAT 15,2024-11-05,1277,1488,0,2765,REP,211,7.63,-7.63,7.66
FORSYTH,61,NC ATTORNEY GENERAL,2024-11-05,817,952,0,1769,REP,135,7.63,-7.63,7.68
FORSYTH,123,NC ATTORNEY GENERAL,2020-11-03,1326,1138,0,2464,DEM,188,7.63,7.63,7.66
FORSYTH,32,NC COURT OF APPEALS JUDGE SEAT 12,2024-11-05,1235,1439,0,2674,REP,204,7.63,-7.63,7.66
FORSYTH,67,US HOUSE OF REPRESENTATIVES DISTRICT 06,2020-11-03,671,782,0,1453,REP,111,7.64,-7.64,7.7
FORSYTH,123,NC SUPREME COURT ASSOCIATE JUSTICE SEAT 02,2020-11-03,1318,1131,0,2449,DEM,187,7.64,7.64,7.67
FORSYTH,132,NC COURT OF APPEALS JUDGE SEAT 07,2020-11-03,1615,1883,0,3498,REP,268,7.66,-7.66,7.69
FORSYTH,909,NC COURT OF APPEALS JUDGE SEAT 11,2022-11-08,435,373,0,808,DEM,62,7.67,7.67,7.78
FORSYTH,101,NC COMMISSIONER OF AGRICULTURE,2024-11-05,855,733,0,1588,DEM,122,7.68,7.68,7.74
FORSYTH,85,NC LIEUTENANT GOVERNOR,2024-11-05,848,989,0,1837,REP,141,7.68,-7.68,7.72
FORSYTH,802,NC TREASURER,2020-11-03,624,728,0,1352,REP,104,7.69,-7.69,7.75
FORSYTH,123,NC TREASURER,2024-11-05,1314,1126,0,2440,DEM,188,7.7,7.7,7.74
FORSYTH,809,NC STATE SENATE DISTRICT 32,2020-11-03,1237,1060,0,2297,DEM,177,7.71,7.71,7.74
FORSYTH,806,NC SUPREME COURT ASSOCIATE JUSTICE SEAT 06,2024-11-05,852,730,0,1582,DEM,122,7.71,7.71,7.77
FORSYTH,701,NC COURT OF APPEALS JUDGE SEAT 09,2022-11-08,510,437,0,947,DEM,73,7.71,7.71,7.8
FORSYTH,804,FORSYTH COUNTY BOARD OF COMMISSIONERS DISTRICT B,2024-11-05,1555,1332,0,2887,DEM,223,7.72,7.72,7.75
FORSYTH,16,US PRESIDENT,2024-11-05,1068,1247,0,2315,REP,179,7.73,-7.73,7.77
FORSYTH,43,FORSYTH COUNTY SHERIFF,2022-11-08,648,555,0,1203,DEM,93,7.73,7.73,7.8
FORSYTH,135,NC STATE SENATE DISTRICT 31,2024-11-05,1281,1496,0,2777,REP,215,7.74,-7.74,7.77
FORSYTH,706,DISTRICT ATTORNEY DISTRICT 31,2022-11-08,306,262,0,568,DEM,44,7.75,7.75,7.89
FORSYTH,805,NC COURT OF APPEALS JUDGE SEAT 04,2020-11-03,1091,934,0,2025,DEM,157,7.75,7.75,7.79
FORSYTH,67,NC HOUSE OF REPRESENTATIVES DISTRICT 075,2024-11-05,637,744,0,1381,REP,107,7.75,-7.75,7.81
FORSYTH,809,NC LIEUTENANT GOVERNOR,2020-11-03,1263,1081,0,2344,DEM,182,7.76,7.76,7.8
FORSYTH,67,NC HOUSE OF REPRESENTATIVES DISTRICT 075,2020-11-03,663,775,0,1438,REP,112,7.79,-7.79,7.85
FORSYTH,807,US SENATE,2022-11-08,657,562,0,1219,DEM,95,7.79,7.79,7.86
FORSYTH,15,NC AUDITOR,2024-11-05,1529,1788,0,3317,REP,259,7.81,-7.81,7.83
FORSYTH,135,NC AUDITOR,2024-11-05,1249,1461,0,2710,REP,212,7.82,-7.82,7.85
FORSYTH,805,NC HOUSE OF REPRESENTATIVES DISTRICT 072,2020-11-03,1088,930,0,2018,DEM,158,7.83,7.83,7.87
FORSYTH,908,FORSYTH COUNTY BOARD OF COMMISSIONERS DISTRICT B,2020-11-03,2950,3451,0,6401,REP,501,7.83,-7.83,7.84
FORSYTH,42,NC COMMISSIONER OF AGRICULTURE,2020-11-03,1507,1288,0,2795,DEM,219,7.84,7.84,7.87
FORSYTH,52,NC COURT OF APPEALS JUDGE SEAT 12,2024-11-05,451,528,0,979,REP,77,7.87,-7.87,7.95
FORSYTH,74,NC COURT OF APPEALS JUDGE SEAT 11,2022-11-08,1127,962,0,2089,DEM,165,7.9,7.9,7.94
FORSYTH,804,NC SUPREME COURT CHIEF JUSTICE SEAT 01,2020-11-03,580,495,0,1075,DEM,85,7.91,7.91,7.99
FORSYTH,135,US HOUSE OF REPRESENTATIVES DISTRICT 10,2024-11-05,1230,1442,0,2672,REP,212,7.93,-7.93,7.97
FORSYTH,802,NC DISTRICT COURT JUDGE DISTRICT 31 SEAT 10,2024-11-05,642,753,0,1395,REP,111,7.96,-7.96,8.02
FORSYTH,132,NC COURT OF APPEALS JUDGE SEAT 04,2020-11-03,1612,1891,0,3503,REP,279,7.96,-7.96,7.99
FORSYTH,701,NC ATTORNEY GENERAL,2020-11-03,657,560,0,1217,DEM,97,7.97,7.97,8.04
FORSYTH,77,NC DISTRICT COURT JUDGE DISTRICT 31 SEAT 10,2024-11-05,1034,1213,0,2247,REP,179,7.97,-7.97,8.0
FORSYTH,16,NC COURT OF APPEALS JUDGE SEAT 14,2024-11-05,1057,1240,0,2297,REP,183,7.97,-7.97,8.0
FORSYTH,807,NC AUDITOR,2020-11-03,872,743,0,1615,DEM,129,7.99,7.99,8.04
