county,precinct,contest_name,election_date,dem_votes,rep_votes,other_votes,total_votes,winner,vote_diff,margin_pct,dem_margin_pct,dva_pct_needed,strategic_tier,priority_score
FORSYTH,132,NC AUDITOR,2024-11-05,1840,1841,0,3681,REP,1,0.03,-0.03,0.05,Tier 1: Immediate (≤0.5%),28.315384615384612
FORSYTH,803,NC COURT OF APPEALS JUDGE SEAT 15,2024-11-05,702,703,0,1405,REP,1,0.07,-0.07,0.14,Tier 1: Immediate (≤0.5%),8.26470588235294
FORSYTH,16,NC ATTORNEY GENERAL,2024-11-05,1164,1166,0,2330,REP,2,0.09,-0.09,0.13,Tier 1: Immediate (≤0.5%),12.263157894736842
FORSYTH,71,NC ATTORNEY GENERAL,2024-11-05,1565,1568,0,3133,REP,3,0.1,-0.1,0.13,Tier 1: Immediate (≤0.5%),15.665
FORSYTH,809,CITY OF WINSTON-SALEM COUNCIL MEMBER WEST WARD,2024-11-05,1163,1166,0,2329,REP,3,0.13,-0.13,0.17,Tier 1: Immediate (≤0.5%),10.126086956521739
FORSYTH,62,FORSYTH COUNTY SHERIFF,2022-11-08,604,606,0,1210,REP,2,0.17,-0.17,0.25,Tier 1: Immediate (≤0.5%),4.481481481481481
FORSYTH,132,NC COURT OF APPEALS JUDGE SEAT 12,2024-11-05,1890,1897,0,3787,REP,7,0.18,-0.18,0.21,Tier 1: Immediate (≤0.5%),13.524999999999999
FORSYTH,52,NC ATTORNEY GENERAL,2024-11-05,500,502,0,1002,REP,2,0.2,-0.2,0.3,Tier 1: Immediate (≤0.5%),3.34
FORSYTH,43,NC SUPERINTENDENT OF PUBLIC INSTRUCTION,2024-11-05,1047,1052,0,2099,REP,5,0.24,-0.24,0.29,Tier 1: Immediate (≤0.5%),6.173529411764707
FORSYTH,807,NC COURT OF APPEALS JUDGE SEAT 04,2020-11-03,805,809,0,1614,REP,4,0.25,-0.25,0.31,Tier 1: Immediate (≤0.5%),4.611428571428572
FORSYTH,805,FORSYTH COUNTY BOARD OF COMMISSIONERS DISTRICT B,2020-11-03,2811,2827,0,5638,REP,16,0.28,-0.28,0.3,Tier 1: Immediate (≤0.5%),14.836842105263159
FORSYTH,16,NC SECRETARY OF STATE,2024-11-05,1155,1162,0,2317,REP,7,0.3,-0.3,0.34,Tier 1: Immediate (≤0.5%),5.7925
FORSYTH,809,NC DISTRICT COURT JUDGE DISTRICT 31 SEAT 10,2024-11-05,1163,1171,0,2334,REP,8,0.34,-0.34,0.39,Tier 1: Immediate (≤0.5%),5.304545454545454
FORSYTH,908,NC COURT OF APPEALS JUDGE SEAT 09,2022-11-08,959,966,0,1925,REP,7,0.36,-0.36,0.42,Tier 1: Immediate (≤0.5%),4.184782608695653
FORSYTH,806,NC ATTORNEY GENERAL,2020-11-03,800,806,0,1606,REP,6,0.37,-0.37,0.44,Tier 1: Immediate (≤0.5%),3.4170212765957446
FORSYTH,52,NC SECRETARY OF STATE,2024-11-05,493,497,0,990,REP,4,0.4,-0.4,0.5,Tier 1: Immediate (≤0.5%),1.98
FORSYTH,43,NC GOVERNOR,2020-11-03,1057,1066,0,2123,REP,9,0.42,-0.42,0.47,Tier 1: Immediate (≤0.5%),4.082692307692308
FORSYTH,131,NC SUPREME COURT ASSOCIATE JUSTICE SEAT 06,2024-11-05,1520,1533,0,3053,REP,13,0.43,-0.43,0.46,Tier 1: Immediate (≤0.5%),5.760377358490565
FORSYTH,77,NC COURT OF APPEALS JUDGE SEAT 12,2024-11-05,1130,1140,0,2270,REP,10,0.44,-0.44,0.48,Tier 1: Immediate (≤0.5%),4.203703703703703
FORSYTH,131,US SENATE,2022-11-08,1054,1064,0,2118,REP,10,0.47,-0.47,0.52,Tier 1: Immediate (≤0.5%),3.7157894736842105
FORSYTH,55,NC ATTORNEY GENERAL,2024-11-05,1617,1635,0,3252,REP,18,0.55,-0.55,0.58,Tier 2: High Priority (0.5-1.0%),5.0030769230769225
FORSYTH,32,NC SUPERINTENDENT OF PUBLIC INSTRUCTION,2024-11-05,1331,1346,0,2677,REP,15,0.56,-0.56,0.6,Tier 2: High Priority (0.5-1.0%),4.056060606060606
FORSYTH,809,NC TREASURER,2020-11-03,1157,1170,0,2327,REP,13,0.56,-0.56,0.6,Tier 2: High Priority (0.5-1.0%),3.525757575757576
FORSYTH,55,NC SUPERINTENDENT OF PUBLIC INSTRUCTION,2024-11-05,1591,1612,0,3203,REP,21,0.66,-0.66,0.69,Tier 2: High Priority (0.5-1.0%),4.214473684210526
FORSYTH,804,NC DISTRICT COURT JUDGE DISTRICT 21 SEAT 08,2020-11-03,518,525,0,1043,REP,7,0.67,-0.67,0.77,Tier 2: High Priority (0.5-1.0%),1.3545454545454545
FORSYTH,908,NC COURT OF APPEALS JUDGE SEAT 07,2020-11-03,1165,1181,0,2346,REP,16,0.68,-0.68,0.72,Tier 2: High Priority (0.5-1.0%),3.0076923076923077
FORSYTH,807,NC COMMISSIONER OF INSURANCE,2020-11-03,805,816,0,1621,REP,11,0.68,-0.68,0.74,Tier 2: High Priority (0.5-1.0%),2.078205128205128
FORSYTH,135,NC HOUSE OF REPRESENTATIVES DISTRICT 074,2024-11-05,1388,1407,0,2795,REP,19,0.68,-0.68,0.72,Tier 2: High Priority (0.5-1.0%),3.583333333333333
FORSYTH,54,NC SUPERINTENDENT OF PUBLIC INSTRUCTION,2024-11-05,1119,1136,0,2255,REP,17,0.75,-0.75,0.8,Tier 2: High Priority (0.5-1.0%),2.652941176470588
FORSYTH,807,NC TREASURER,2024-11-05,772,784,0,1556,REP,12,0.77,-0.77,0.83,Tier 2: High Priority (0.5-1.0%),1.7885057471264367
FORSYTH,71,NC SUPERINTENDENT OF PUBLIC INSTRUCTION,2024-11-05,1533,1557,0,3090,REP,24,0.78,-0.78,0.81,Tier 2: High Priority (0.5-1.0%),3.5113636363636367
FORSYTH,13,CITY OF WINSTON-SALEM MAYOR,2020-11-03,553,562,0,1115,REP,9,0.81,-0.81,0.9,Tier 2: High Priority (0.5-1.0%),1.2252747252747251
FORSYTH,62,NC GOVERNOR,2024-11-05,756,769,0,1525,REP,13,0.85,-0.85,0.92,Tier 2: High Priority (0.5-1.0%),1.6052631578947367
FORSYTH,132,FORSYTH COUNTY BOARD OF EDUCATION AT-LARGE,2022-11-08,3610,3673,0,7283,REP,63,0.87,-0.87,0.88,Tier 2: High Priority (0.5-1.0%),7.508247422680413
FORSYTH,72,NC GOVERNOR,2020-11-03,2363,2406,0,4769,REP,43,0.9,-0.9,0.92,Tier 2: High Priority (0.5-1.0%),4.769
FORSYTH,806,NC DISTRICT COURT JUDGE DISTRICT 21 SEAT 08,2020-11-03,762,776,0,1538,REP,14,0.91,-0.91,0.97,Tier 2: High Priority (0.5-1.0%),1.5227722772277228
FORSYTH,74,NC DISTRICT COURT JUDGE DISTRICT 21 SEAT 08,2020-11-03,1359,1385,0,2744,REP,26,0.95,-0.95,0.98,Tier 2: High Priority (0.5-1.0%),2.6133333333333333
FORSYTH,802,NC COURT OF APPEALS JUDGE SEAT 07,2020-11-03,650,663,0,1313,REP,13,0.99,-0.99,1.06,Tier 2: High Priority (0.5-1.0%),1.2045871559633026
FORSYTH,132,US SENATE,2022-11-08,1293,1319,0,2612,REP,26,1.0,-1.0,1.03,Tier 2: High Priority (0.5-1.0%),2.3745454545454545
FORSYTH,54,NC GOVERNOR,2020-11-03,1105,1128,0,2233,REP,23,1.03,-1.03,1.07,Tier 3: Medium Priority (1.0-2.0%),1.9761061946902654
FORSYTH,131,NC AUDITOR,2024-11-05,1455,1486,0,2941,REP,31,1.05,-1.05,1.09,Tier 3: Medium Priority (1.0-2.0%),2.5573913043478256
FORSYTH,131,FORSYTH COUNTY BOARD OF COMMISSIONERS AT-LARGE,2022-11-08,1055,1078,0,2133,REP,23,1.08,-1.08,1.12,Tier 3: Medium Priority (1.0-2.0%),1.8076271186440676
FORSYTH,806,NC COURT OF APPEALS JUDGE SEAT 14,2024-11-05,778,795,0,1573,REP,17,1.08,-1.08,1.14,Tier 3: Medium Priority (1.0-2.0%),1.3330508474576268
FORSYTH,135,US PRESIDENT,2024-11-05,1390,1421,0,2811,REP,31,1.1,-1.1,1.14,Tier 3: Medium Priority (1.0-2.0%),2.3425
FORSYTH,16,NC SUPREME COURT ASSOCIATE JUSTICE SEAT 06,2024-11-05,1141,1167,0,2308,REP,26,1.13,-1.13,1.17,Tier 3: Medium Priority (1.0-2.0%),1.876422764227642
FORSYTH,805,NC COMMISSIONER OF AGRICULTURE,2020-11-03,1007,1031,0,2038,REP,24,1.18,-1.18,1.23,Tier 3: Medium Priority (1.0-2.0%),1.5921874999999999
FORSYTH,803,NC SECRETARY OF STATE,2020-11-03,734,752,0,1486,REP,18,1.21,-1.21,1.28,Tier 3: Medium Priority (1.0-2.0%),1.1343511450381678
FORSYTH,803,FORSYTH COUNTY BOARD OF COMMISSIONERS AT-LARGE,2022-11-08,597,612,0,1209,REP,15,1.24,-1.24,1.32,Tier 3: Medium Priority (1.0-2.0%),0.9022388059701493
FORSYTH,55,NC GOVERNOR,2020-11-03,1570,1610,0,3180,REP,40,1.26,-1.26,1.29,Tier 3: Medium Priority (1.0-2.0%),2.338235294117647
FORSYTH,74,NC TREASURER,2020-11-03,1396,1432,0,2828,REP,36,1.27,-1.27,1.31,Tier 3: Medium Priority (1.0-2.0%),2.064233576642336
FORSYTH,806,NC TREASURER,2024-11-05,776,796,0,1572,REP,20,1.27,-1.27,1.33,Tier 3: Medium Priority (1.0-2.0%),1.1474452554744525
FORSYTH,32,NC ATTORNEY GENERAL,2024-11-05,1338,1373,0,2711,REP,35,1.29,-1.29,1.33,Tier 3: Medium Priority (1.0-2.0%),1.9503597122302156
FORSYTH,134,NC HOUSE OF REPRESENTATIVES DISTRICT 074,2024-11-05,1367,1403,0,2770,REP,36,1.3,-1.3,1.33,Tier 3: Medium Priority (1.0-2.0%),1.9785714285714284
FORSYTH,31,NC GOVERNOR,2024-11-05,780,801,0,1581,REP,21,1.33,-1.33,1.39,Tier 3: Medium Priority (1.0-2.0%),1.1055944055944056
FORSYTH,16,US HOUSE OF REPRESENTATIVES DISTRICT 06,2022-11-08,743,763,0,1506,REP,20,1.33,-1.33,1.39,Tier 3: Medium Priority (1.0-2.0%),1.053146853146853
FORSYTH,131,NC COURT OF APPEALS JUDGE SEAT 12,2024-11-05,1497,1538,0,3035,REP,41,1.35,-1.35,1.38,Tier 3: Medium Priority (1.0-2.0%),2.093103448275862
FORSYTH,51,NC ATTORNEY GENERAL,2024-11-05,1246,1280,0,2526,REP,34,1.35,-1.35,1.38,Tier 3: Medium Priority (1.0-2.0%),1.742068965517241
FORSYTH,131,NC STATE SENATE DISTRICT 32,2022-11-08,1049,1078,0,2127,REP,29,1.36,-1.36,1.41,Tier 3: Medium Priority (1.0-2.0%),1.456849315068493
FORSYTH,131,FORSYTH COUNTY BOARD OF EDUCATION AT-LARGE,2022-11-08,2900,2984,0,5884,REP,84,1.43,-1.43,1.44,Tier 3: Medium Priority (1.0-2.0%),3.845751633986928
FORSYTH,807,NC COURT OF APPEALS JUDGE SEAT 06,2020-11-03,792,815,0,1607,REP,23,1.43,-1.43,1.49,Tier 3: Medium Priority (1.0-2.0%),1.050326797385621
FORSYTH,802,NC COURT OF APPEALS JUDGE SEAT 06,2020-11-03,646,665,0,1311,REP,19,1.45,-1.45,1.52,Tier 3: Medium Priority (1.0-2.0%),0.8458064516129031
FORSYTH,135,NC LIEUTENANT GOVERNOR,2024-11-05,1363,1404,0,2767,REP,41,1.48,-1.48,1.52,Tier 3: Medium Priority (1.0-2.0%),1.75126582278481
FORSYTH,908,NC COURT OF APPEALS JUDGE SEAT 06,2020-11-03,1154,1189,0,2343,REP,35,1.49,-1.49,1.54,Tier 3: Medium Priority (1.0-2.0%),1.4735849056603774
FORSYTH,701,FORSYTH COUNTY BOARD OF COMMISSIONERS DISTRICT B,2020-11-03,1580,1629,0,3209,REP,49,1.53,-1.53,1.56,Tier 3: Medium Priority (1.0-2.0%),1.968711656441718
FORSYTH,77,US PRESIDENT,2024-11-05,1140,1176,0,2316,REP,36,1.55,-1.55,1.6,Tier 3: Medium Priority (1.0-2.0%),1.4036363636363633
FORSYTH,807,NC COURT OF APPEALS JUDGE SEAT 09,2022-11-08,603,622,0,1225,REP,19,1.55,-1.55,1.63,Tier 3: Medium Priority (1.0-2.0%),0.7424242424242423
FORSYTH,131,US PRESIDENT,2024-11-05,1514,1562,0,3076,REP,48,1.56,-1.56,1.59,Tier 3: Medium Priority (1.0-2.0%),1.853012048192771
FORSYTH,802,NC COMMISSIONER OF AGRICULTURE,2024-11-05,690,712,0,1402,REP,22,1.57,-1.57,1.64,Tier 3: Medium Priority (1.0-2.0%),0.8395209580838322
FORSYTH,909,DISTRICT ATTORNEY DISTRICT 31,2022-11-08,396,409,0,805,REP,13,1.61,-1.61,1.73,Tier 3: Medium Priority (1.0-2.0%),0.47076023391812866
FORSYTH,123,FORSYTH COUNTY BOARD OF COMMISSIONERS DISTRICT B,2020-11-03,3113,3216,0,6329,REP,103,1.63,-1.63,1.64,Tier 3: Medium Priority (1.0-2.0%),3.6583815028901734
FORSYTH,131,NC HOUSE OF REPRESENTATIVES DISTRICT 074,2022-11-08,1049,1087,0,2136,REP,38,1.78,-1.78,1.82,Tier 3: Medium Priority (1.0-2.0%),1.1361702127659574
FORSYTH,803,NC COURT OF APPEALS JUDGE SEAT 11,2022-11-08,580,601,0,1181,REP,21,1.78,-1.78,1.86,Tier 3: Medium Priority (1.0-2.0%),0.6281914893617021
FORSYTH,67,NC SUPERINTENDENT OF PUBLIC INSTRUCTION,2024-11-05,687,712,0,1399,REP,25,1.79,-1.79,1.86,Tier 3: Medium Priority (1.0-2.0%),0.7402116402116402
FORSYTH,132,NC SECRETARY OF STATE,2020-11-03,1729,1793,0,3522,REP,64,1.82,-1.82,1.84,Tier 3: Medium Priority (1.0-2.0%),1.8343749999999996
FORSYTH,77,US SENATE,2022-11-08,723,750,0,1473,REP,27,1.83,-1.83,1.9,Tier 3: Medium Priority (1.0-2.0%),0.7632124352331606
FORSYTH,806,NC COURT OF APPEALS JUDGE SEAT 09,2022-11-08,584,606,0,1190,REP,22,1.85,-1.85,1.93,Tier 3: Medium Priority (1.0-2.0%),0.6102564102564102
FORSYTH,132,NC STATE SENATE DISTRICT 32,2022-11-08,1293,1343,0,2636,REP,50,1.9,-1.9,1.93,Tier 3: Medium Priority (1.0-2.0%),1.318
FORSYTH,77,FORSYTH COUNTY BOARD OF COMMISSIONERS AT-LARGE,2022-11-08,732,761,0,1493,REP,29,1.94,-1.94,2.01,Tier 3: Medium Priority (1.0-2.0%),0.7318627450980393
FORSYTH,132,FORSYTH COUNTY BOARD OF COMMISSIONERS DISTRICT B,2024-11-05,4647,4832,0,9479,REP,185,1.95,-1.95,1.96,Tier 3: Medium Priority (1.0-2.0%),4.62390243902439
FORSYTH,809,NC COMMISSIONER OF AGRICULTURE,2024-11-05,1150,1197,0,2347,REP,47,2.0,-2.0,2.04,Tier 3: Medium Priority (1.0-2.0%),1.1176190476190475
FORSYTH,11,NC GOVERNOR,2020-11-03,1923,2003,0,3926,REP,80,2.04,-2.04,2.06,Tier 4: Opportunity (2.0-5.0%),1.8345794392523365
FORSYTH,43,NC COURT OF APPEALS JUDGE SEAT 12,2024-11-05,1025,1069,0,2094,REP,44,2.1,-2.1,2.15,Tier 4: Opportunity (2.0-5.0%),0.9518181818181817
FORSYTH,15,NC ATTORNEY GENERAL,2024-11-05,1701,1775,0,3476,REP,74,2.13,-2.13,2.16,Tier 4: Opportunity (2.0-5.0%),1.5587443946188342
FORSYTH,77,NC AUDITOR,2024-11-05,1082,1129,0,2211,REP,47,2.13,-2.13,2.17,Tier 4: Opportunity (2.0-5.0%),0.9914798206278027
FORSYTH,52,NC LIEUTENANT GOVERNOR,2024-11-05,477,498,0,975,REP,21,2.15,-2.15,2.25,Tier 4: Opportunity (2.0-5.0%),0.4333333333333333
FORSYTH,52,US SENATE,2022-11-08,385,402,0,787,REP,17,2.16,-2.16,2.28,Tier 4: Opportunity (2.0-5.0%),0.3482300884955752
FORSYTH,73,NC GOVERNOR,2024-11-05,1337,1398,0,2735,REP,61,2.23,-2.23,2.27,Tier 4: Opportunity (2.0-5.0%),1.1738197424892705
FORSYTH,43,NC SECRETARY OF STATE,2024-11-05,1030,1077,0,2107,REP,47,2.23,-2.23,2.28,Tier 4: Opportunity (2.0-5.0%),0.9042918454935623
FORSYTH,131,NC SUPREME COURT ASSOCIATE JUSTICE SEAT 05,2022-11-08,1048,1097,0,2145,REP,49,2.28,-2.28,2.33,Tier 4: Opportunity (2.0-5.0%),0.9012605042016807
FORSYTH,77,NC COMMISSIONER OF INSURANCE,2024-11-05,1108,1160,0,2268,REP,52,2.29,-2.29,2.33,Tier 4: Opportunity (2.0-5.0%),0.9489539748953973
FORSYTH,806,NC COMMISSIONER OF INSURANCE,2024-11-05,763,799,0,1562,REP,36,2.3,-2.3,2.37,Tier 4: Opportunity (2.0-5.0%),0.6508333333333334
FORSYTH,132,NC AUDITOR,2020-11-03,1712,1794,0,3506,REP,82,2.34,-2.34,2.37,Tier 4: Opportunity (2.0-5.0%),1.4368852459016392
FORSYTH,43,NC SECRETARY OF STATE,2020-11-03,1041,1092,0,2133,REP,51,2.39,-2.39,2.44,Tier 4: Opportunity (2.0-5.0%),0.8566265060240963
FORSYTH,807,NC TREASURER,2020-11-03,788,827,0,1615,REP,39,2.41,-2.41,2.47,Tier 4: Opportunity (2.0-5.0%),0.6434262948207171
FORSYTH,135,NC SUPREME COURT ASSOCIATE JUSTICE SEAT 06,2024-11-05,1370,1438,0,2808,REP,68,2.42,-2.42,2.46,Tier 4: Opportunity (2.0-5.0%),1.114285714285714
FORSYTH,803,NC SUPREME COURT ASSOCIATE JUSTICE SEAT 02,2020-11-03,723,760,0,1483,REP,37,2.49,-2.49,2.56,Tier 4: Opportunity (2.0-5.0%),0.5725868725868726
FORSYTH,807,NC COMMISSIONER OF LABOR,2024-11-05,751,790,0,1541,REP,39,2.53,-2.53,2.59,Tier 4: Opportunity (2.0-5.0%),0.5859315589353612
FORSYTH,133,NC GOVERNOR,2020-11-03,2493,2624,0,5117,REP,131,2.56,-2.56,2.58,Tier 4: Opportunity (2.0-5.0%),1.9236842105263157
FORSYTH,67,NC LIEUTENANT GOVERNOR,2024-11-05,660,695,0,1355,REP,35,2.58,-2.58,2.65,Tier 4: Opportunity (2.0-5.0%),0.5055970149253731
FORSYTH,43,NC LIEUTENANT GOVERNOR,2024-11-05,988,1041,0,2029,REP,53,2.61,-2.61,2.66,Tier 4: Opportunity (2.0-5.0%),0.7487084870848708
FORSYTH,43,US SENATE,2020-11-03,999,1053,0,2052,REP,54,2.63,-2.63,2.68,Tier 4: Opportunity (2.0-5.0%),0.7516483516483516
FORSYTH,806,NC COMMISSIONER OF LABOR,2024-11-05,755,796,0,1551,REP,41,2.64,-2.64,2.7,Tier 4: Opportunity (2.0-5.0%),0.5660583941605839
FORSYTH,43,NC SUPREME COURT ASSOCIATE JUSTICE SEAT 06,2024-11-05,1024,1081,0,2105,REP,57,2.71,-2.71,2.75,Tier 4: Opportunity (2.0-5.0%),0.7491103202846976
FORSYTH,77,NC STATE SENATE DISTRICT 31,2024-11-05,1104,1166,0,2270,REP,62,2.73,-2.73,2.77,Tier 4: Opportunity (2.0-5.0%),0.8021201413427562
FORSYTH,132,NC SUPREME COURT ASSOCIATE JUSTICE SEAT 05,2022-11-08,1292,1365,0,2657,REP,73,2.75,-2.75,2.78,Tier 4: Opportunity (2.0-5.0%),0.9322807017543859
FORSYTH,132,NC COURT OF APPEALS JUDGE SEAT 15,2024-11-05,1834,1938,0,3772,REP,104,2.76,-2.76,2.78,Tier 4: Opportunity (2.0-5.0%),1.318881118881119
FORSYTH,131,US HOUSE OF REPRESENTATIVES DISTRICT 10,2024-11-05,1388,1467,0,2855,REP,79,2.77,-2.77,2.8,Tier 4: Opportunity (2.0-5.0%),0.994773519163763
FORSYTH,802,NC HOUSE OF REPRESENTATIVES DISTRICT 072,2020-11-03,639,676,0,1315,REP,37,2.81,-2.81,2.89,Tier 4: Opportunity (2.0-5.0%),0.4518900343642612
FORSYTH,132,NC COURT OF APPEALS JUDGE SEAT 08,2022-11-08,1281,1355,0,2636,REP,74,2.81,-2.81,2.84,Tier 4: Opportunity (2.0-5.0%),0.9058419243986254
FORSYTH,17,NC SUPERINTENDENT OF PUBLIC INSTRUCTION,2024-11-05,816,864,0,1680,REP,48,2.86,-2.86,2.91,Tier 4: Opportunity (2.0-5.0%),0.5675675675675675
FORSYTH,131,NC COURT OF APPEALS JUDGE SEAT 08,2022-11-08,1032,1093,0,2125,REP,61,2.87,-2.87,2.91,Tier 4: Opportunity (2.0-5.0%),0.7154882154882154
FORSYTH,55,NC SECRETARY OF STATE,2024-11-05,1564,1658,0,3222,REP,94,2.92,-2.92,2.95,Tier 4: Opportunity (2.0-5.0%),1.0668874172185432
FORSYTH,15,NC SUPERINTENDENT OF PUBLIC INSTRUCTION,2024-11-05,1671,1772,0,3443,REP,101,2.93,-2.93,2.96,Tier 4: Opportunity (2.0-5.0%),1.1363036303630363
FORSYTH,132,NC SUPREME COURT ASSOCIATE JUSTICE SEAT 03,2022-11-08,1294,1373,0,2667,REP,79,2.96,-2.96,3.0,Tier 4: Opportunity (2.0-5.0%),0.8715686274509803
FORSYTH,16,NC COURT OF APPEALS JUDGE SEAT 12,2024-11-05,1116,1184,0,2300,REP,68,2.96,-2.96,3.0,Tier 4: Opportunity (2.0-5.0%),0.7516339869281046
FORSYTH,132,US HOUSE OF REPRESENTATIVES DISTRICT 10,2024-11-05,1747,1854,0,3601,REP,107,2.97,-2.97,3.0,Tier 4: Opportunity (2.0-5.0%),1.1729641693811075
FORSYTH,77,US HOUSE OF REPRESENTATIVES DISTRICT 10,2024-11-05,1046,1110,0,2156,REP,64,2.97,-2.97,3.01,Tier 4: Opportunity (2.0-5.0%),0.7022801302931596
FORSYTH,16,US SENATE,2022-11-08,722,767,0,1489,REP,45,3.02,-3.02,3.09,Tier 4: Opportunity (2.0-5.0%),0.4772435897435897
FORSYTH,135,US SENATE,2022-11-08,960,1022,0,1982,REP,62,3.13,-3.13,3.18,Tier 4: Opportunity (2.0-5.0%),0.6136222910216719
FORSYTH,67,NC SECRETARY OF STATE,2024-11-05,680,724,0,1404,REP,44,3.13,-3.13,3.2,Tier 4: Opportunity (2.0-5.0%),0.4346749226006192
FORSYTH,52,FORSYTH COUNTY BOARD OF COMMISSIONERS AT-LARGE,2022-11-08,385,410,0,795,REP,25,3.14,-3.14,3.26,Tier 4: Opportunity (2.0-5.0%),0.24537037037037038
FORSYTH,71,NC GOVERNOR,2020-11-03,1501,1599,0,3100,REP,98,3.16,-3.16,3.19,Tier 4: Opportunity (2.0-5.0%),0.9509202453987731
FORSYTH,43,NC SUPREME COURT CHIEF JUSTICE SEAT 01,2020-11-03,1039,1107,0,2146,REP,68,3.17,-3.17,3.21,Tier 4: Opportunity (2.0-5.0%),0.656269113149847
FORSYTH,132,NC STATE SENATE DISTRICT 31,2024-11-05,1828,1948,0,3776,REP,120,3.18,-3.18,3.2,Tier 4: Opportunity (2.0-5.0%),1.1512195121951219
FORSYTH,77,FORSYTH COUNTY BOARD OF COMMISSIONERS DISTRICT B,2024-11-05,2789,2972,0,5761,REP,183,3.18,-3.18,3.19,Tier 4: Opportunity (2.0-5.0%),1.7564024390243902
FORSYTH,54,NC ATTORNEY GENERAL,2024-11-05,1103,1176,0,2279,REP,73,3.2,-3.2,3.24,Tier 4: Opportunity (2.0-5.0%),0.6906060606060604
FORSYTH,132,NC COURT OF APPEALS JUDGE SEAT 11,2022-11-08,1271,1355,0,2626,REP,84,3.2,-3.2,3.23,Tier 4: Opportunity (2.0-5.0%),0.7957575757575756
FORSYTH,62,US HOUSE OF REPRESENTATIVES DISTRICT 06,2020-11-03,90,96,0,186,REP,6,3.23,-3.23,3.72,Tier 4: Opportunity (2.0-5.0%),0.055855855855855854
FORSYTH,52,NC SECRETARY OF STATE,2020-11-03,505,539,0,1044,REP,34,3.26,-3.26,3.35,Tier 4: Opportunity (2.0-5.0%),0.3107142857142857
FORSYTH,132,NC COURT OF APPEALS JUDGE SEAT 10,2022-11-08,1271,1357,0,2628,REP,86,3.27,-3.27,3.31,Tier 4: Opportunity (2.0-5.0%),0.7798219584569732
FORSYTH,131,NC COURT OF APPEALS JUDGE SEAT 11,2022-11-08,1024,1094,0,2118,REP,70,3.31,-3.31,3.35,Tier 4: Opportunity (2.0-5.0%),0.6211143695014661
FORSYTH,132,US HOUSE OF REPRESENTATIVES DISTRICT 05,2022-11-08,1289,1378,0,2667,REP,89,3.34,-3.34,3.37,Tier 4: Opportunity (2.0-5.0%),0.7752906976744186
FORSYTH,51,NC SUPERINTENDENT OF PUBLIC INSTRUCTION,2024-11-05,1207,1291,0,2498,REP,84,3.36,-3.36,3.4,Tier 4: Opportunity (2.0-5.0%),0.7219653179190753
FORSYTH,132,US PRESIDENT,2020-11-03,1719,1839,0,3558,REP,120,3.37,-3.37,3.4,Tier 4: Opportunity (2.0-5.0%),1.0253602305475504
FORSYTH,55,NC LIEUTENANT GOVERNOR,2024-11-05,1523,1630,0,3153,REP,107,3.39,-3.39,3.42,Tier 4: Opportunity (2.0-5.0%),0.9034383954154728
FORSYTH,43,NC STATE SENATE DISTRICT 31,2020-11-03,1026,1099,0,2125,REP,73,3.44,-3.44,3.48,Tier 4: Opportunity (2.0-5.0%),0.6002824858757062
FORSYTH,131,NC COURT OF APPEALS JUDGE SEAT 10,2022-11-08,1020,1093,0,2113,REP,73,3.45,-3.45,3.5,Tier 4: Opportunity (2.0-5.0%),0.5952112676056337
FORSYTH,132,NC COURT OF APPEALS JUDGE SEAT 14,2024-11-05,1825,1956,0,3781,REP,131,3.46,-3.46,3.49,Tier 4: Opportunity (2.0-5.0%),1.0620786516853933
FORSYTH,77,NC COURT OF APPEALS JUDGE SEAT 15,2024-11-05,1093,1172,0,2265,REP,79,3.49,-3.49,3.53,Tier 4: Opportunity (2.0-5.0%),0.6309192200557102
FORSYTH,131,US HOUSE OF REPRESENTATIVES DISTRICT 05,2022-11-08,1038,1113,0,2151,REP,75,3.49,-3.49,3.53,Tier 4: Opportunity (2.0-5.0%),0.5991643454038996
FORSYTH,131,NC STATE SENATE DISTRICT 31,2024-11-05,1459,1565,0,3024,REP,106,3.51,-3.51,3.54,Tier 4: Opportunity (2.0-5.0%),0.8376731301939059
FORSYTH,804,NC DISTRICT COURT JUDGE DISTRICT 31 SEAT 10,2024-11-05,504,541,0,1045,REP,37,3.54,-3.54,3.63,Tier 4: Opportunity (2.0-5.0%),0.287087912087912
FORSYTH,802,NC COMMISSIONER OF INSURANCE,2020-11-03,635,682,0,1317,REP,47,3.57,-3.57,3.64,Tier 4: Opportunity (2.0-5.0%),0.3588555858310627
FORSYTH,132,NC COMMISSIONER OF INSURANCE,2024-11-05,1834,1970,0,3804,REP,136,3.58,-3.58,3.6,Tier 4: Opportunity (2.0-5.0%),1.033695652173913
FORSYTH,43,NC AUDITOR,2020-11-03,1031,1108,0,2139,REP,77,3.6,-3.6,3.64,Tier 4: Opportunity (2.0-5.0%),0.578108108108108
FORSYTH,32,NC SECRETARY OF STATE,2024-11-05,1293,1390,0,2683,REP,97,3.62,-3.62,3.65,Tier 4: Opportunity (2.0-5.0%),0.7212365591397849
FORSYTH,11,CITY OF WINSTON-SALEM MAYOR,2020-11-03,1838,1977,0,3815,REP,139,3.64,-3.64,3.67,Tier 4: Opportunity (2.0-5.0%),1.0200534759358286
FORSYTH,67,NC GOVERNOR,2020-11-03,699,752,0,1451,REP,53,3.65,-3.65,3.72,Tier 4: Opportunity (2.0-5.0%),0.38693333333333335
FORSYTH,74,NC COMMISSIONER OF AGRICULTURE,2020-11-03,1360,1463,0,2823,REP,103,3.65,-3.65,3.68,Tier 4: Opportunity (2.0-5.0%),0.7528
FORSYTH,67,NC SUPREME COURT ASSOCIATE JUSTICE SEAT 06,2024-11-05,669,720,0,1389,REP,51,3.67,-3.67,3.74,Tier 4: Opportunity (2.0-5.0%),0.36843501326259953
FORSYTH,52,NC SUPREME COURT ASSOCIATE JUSTICE SEAT 05,2022-11-08,385,415,0,800,REP,30,3.75,-3.75,3.87,Tier 4: Opportunity (2.0-5.0%),0.20779220779220778
FORSYTH,51,NC SECRETARY OF STATE,2024-11-05,1209,1305,0,2514,REP,96,3.82,-3.82,3.86,Tier 4: Opportunity (2.0-5.0%),0.6413265306122449
FORSYTH,77,NC COURT OF APPEALS JUDGE SEAT 08,2022-11-08,714,771,0,1485,REP,57,3.84,-3.84,3.9,Tier 4: Opportunity (2.0-5.0%),0.3769035532994924
FORSYTH,804,NC TREASURER,2020-11-03,512,553,0,1065,REP,41,3.85,-3.85,3.94,Tier 4: Opportunity (2.0-5.0%),0.2696202531645569
FORSYTH,135,FORSYTH COUNTY BOARD OF EDUCATION AT-LARGE,2022-11-08,2662,2876,0,5538,REP,214,3.86,-3.86,3.88,Tier 4: Opportunity (2.0-5.0%),1.3984848484848487
FORSYTH,71,NC SECRETARY OF STATE,2024-11-05,1492,1612,0,3104,REP,120,3.87,-3.87,3.9,Tier 4: Opportunity (2.0-5.0%),0.7818639798488666
FORSYTH,43,NC SUPREME COURT ASSOCIATE JUSTICE SEAT 04,2020-11-03,1027,1112,0,2139,REP,85,3.97,-3.97,4.02,Tier 4: Opportunity (2.0-5.0%),0.5255528255528255
FORSYTH,809,NC COMMISSIONER OF AGRICULTURE,2020-11-03,1109,1201,0,2310,REP,92,3.98,-3.98,4.02,Tier 4: Opportunity (2.0-5.0%),0.5661764705882353
FORSYTH,17,NC ATTORNEY GENERAL,2024-11-05,813,881,0,1694,REP,68,4.01,-4.01,4.07,Tier 4: Opportunity (2.0-5.0%),0.41216545012165456
FORSYTH,132,NC TREASURER,2024-11-05,1824,1977,0,3801,REP,153,4.03,-4.03,4.05,Tier 4: Opportunity (2.0-5.0%),0.9203389830508475
FORSYTH,132,NC HOUSE OF REPRESENTATIVES DISTRICT 074,2022-11-08,1269,1376,0,2645,REP,107,4.05,-4.05,4.08,Tier 4: Opportunity (2.0-5.0%),0.6373493975903615
FORSYTH,55,NC HOUSE OF REPRESENTATIVES DISTRICT 074,2024-11-05,1536,1667,0,3203,REP,131,4.09,-4.09,4.12,Tier 4: Opportunity (2.0-5.0%),0.7644391408114559
FORSYTH,85,NC SUPERINTENDENT OF PUBLIC INSTRUCTION,2024-11-05,899,976,0,1875,REP,77,4.11,-4.11,4.16,Tier 4: Opportunity (2.0-5.0%),0.4453681710213777
FORSYTH,807,CITY OF WINSTON-SALEM COUNCIL MEMBER WEST WARD,2024-11-05,733,796,0,1529,REP,63,4.12,-4.12,4.18,Tier 4: Opportunity (2.0-5.0%),0.3623222748815166
FORSYTH,132,NC SUPREME COURT CHIEF JUSTICE SEAT 01,2020-11-03,1687,1833,0,3520,REP,146,4.15,-4.15,4.17,Tier 4: Opportunity (2.0-5.0%),0.8282352941176471
FORSYTH,131,US PRESIDENT,2020-11-03,1349,1466,0,2815,REP,117,4.16,-4.16,4.19,Tier 4: Opportunity (2.0-5.0%),0.6607981220657277
FORSYTH,806,FORSYTH COUNTY BOARD OF COMMISSIONERS DISTRICT B,2024-11-05,1970,2141,0,4111,REP,171,4.16,-4.16,4.18,Tier 4: Opportunity (2.0-5.0%),0.9650234741784037
FORSYTH,131,NC SUPREME COURT ASSOCIATE JUSTICE SEAT 03,2022-11-08,1029,1120,0,2149,REP,91,4.23,-4.23,4.28,Tier 4: Opportunity (2.0-5.0%),0.49630484988452656
FORSYTH,135,FORSYTH COUNTY BOARD OF COMMISSIONERS AT-LARGE,2022-11-08,952,1037,0,1989,REP,85,4.27,-4.27,4.32,Tier 4: Opportunity (2.0-5.0%),0.4551487414187644
FORSYTH,132,NC COMMISSIONER OF LABOR,2024-11-05,1808,1971,0,3779,REP,163,4.31,-4.31,4.34,Tier 4: Opportunity (2.0-5.0%),0.8569160997732428
FORSYTH,32,NC LIEUTENANT GOVERNOR,2024-11-05,1263,1377,0,2640,REP,114,4.32,-4.32,4.35,Tier 4: Opportunity (2.0-5.0%),0.5972850678733032
FORSYTH,77,NC HOUSE OF REPRESENTATIVES DISTRICT 074,2022-11-08,716,781,0,1497,REP,65,4.34,-4.34,4.4,Tier 4: Opportunity (2.0-5.0%),0.3371621621621622
FORSYTH,52,NC AUDITOR,2020-11-03,496,541,0,1037,REP,45,4.34,-4.34,4.43,Tier 4: Opportunity (2.0-5.0%),0.23355855855855856
FORSYTH,16,NC COURT OF APPEALS JUDGE SEAT 08,2022-11-08,726,792,0,1518,REP,66,4.35,-4.35,4.41,Tier 4: Opportunity (2.0-5.0%),0.34112359550561805
FORSYTH,803,US HOUSE OF REPRESENTATIVES DISTRICT 05,2022-11-08,597,652,0,1249,REP,55,4.4,-4.4,4.48,Tier 4: Opportunity (2.0-5.0%),0.27755555555555556
FORSYTH,77,NC COURT OF APPEALS JUDGE SEAT 14,2024-11-05,1083,1183,0,2266,REP,100,4.41,-4.41,4.45,Tier 4: Opportunity (2.0-5.0%),0.5024390243902439
FORSYTH,16,NC COURT OF APPEALS JUDGE SEAT 11,2022-11-08,723,790,0,1513,REP,67,4.43,-4.43,4.49,Tier 4: Opportunity (2.0-5.0%),0.33399558498896254
FORSYTH,803,NC SUPREME COURT ASSOCIATE JUSTICE SEAT 03,2022-11-08,590,645,0,1235,REP,55,4.45,-4.45,4.53,Tier 4: Opportunity (2.0-5.0%),0.27142857142857146
FORSYTH,131,NC COURT OF APPEALS JUDGE SEAT 15,2024-11-05,1443,1578,0,3021,REP,135,4.47,-4.47,4.5,Tier 4: Opportunity (2.0-5.0%),0.6610503282275711
FORSYTH,52,NC STATE SENATE DISTRICT 31,2020-11-03,499,546,0,1045,REP,47,4.5,-4.5,4.58,Tier 4: Opportunity (2.0-5.0%),0.22717391304347828
FORSYTH,807,NC COMMISSIONER OF AGRICULTURE,2020-11-03,773,846,0,1619,REP,73,4.51,-4.51,4.57,Tier 4: Opportunity (2.0-5.0%),0.3511930585683298
FORSYTH,13,NC SUPERINTENDENT OF PUBLIC INSTRUCTION,2024-11-05,1548,1695,0,3243,REP,147,4.53,-4.53,4.56,Tier 4: Opportunity (2.0-5.0%),0.7004319654427645
FORSYTH,77,NC SUPREME COURT ASSOCIATE JUSTICE SEAT 05,2022-11-08,715,783,0,1498,REP,68,4.54,-4.54,4.6,Tier 4: Opportunity (2.0-5.0%),0.3228448275862069
FORSYTH,51,NC LIEUTENANT GOVERNOR,2024-11-05,1174,1286,0,2460,REP,112,4.55,-4.55,4.59,Tier 4: Opportunity (2.0-5.0%),0.5290322580645161
FORSYTH,15,NC LIEUTENANT GOVERNOR,2024-11-05,1610,1764,0,3374,REP,154,4.56,-4.56,4.59,Tier 4: Opportunity (2.0-5.0%),0.7240343347639486
FORSYTH,43,NC AUDITOR,2024-11-05,963,1055,0,2018,REP,92,4.56,-4.56,4.6,Tier 4: Opportunity (2.0-5.0%),0.4330472103004292
FORSYTH,51,NC GOVERNOR,2020-11-03,1188,1302,0,2490,REP,114,4.58,-4.58,4.61,Tier 4: Opportunity (2.0-5.0%),0.5320512820512822
FORSYTH,16,NC SUPREME COURT ASSOCIATE JUSTICE SEAT 05,2022-11-08,723,793,0,1516,REP,70,4.62,-4.62,4.68,Tier 4: Opportunity (2.0-5.0%),0.32118644067796615
FORSYTH,131,NC SECRETARY OF STATE,2020-11-03,1324,1453,0,2777,REP,129,4.65,-4.65,4.68,Tier 4: Opportunity (2.0-5.0%),0.5846315789473684
FORSYTH,52,NC SUPREME COURT ASSOCIATE JUSTICE SEAT 06,2024-11-05,469,515,0,984,REP,46,4.67,-4.67,4.77,Tier 4: Opportunity (2.0-5.0%),0.20628930817610064
FORSYTH,52,NC HOUSE OF REPRESENTATIVES DISTRICT 074,2024-11-05,470,516,0,986,REP,46,4.67,-4.67,4.76,Tier 4: Opportunity (2.0-5.0%),0.2067085953878407
FORSYTH,131,NC AUDITOR,2020-11-03,1320,1450,0,2770,REP,130,4.69,-4.69,4.73,Tier 4: Opportunity (2.0-5.0%),0.5782881002087683
FORSYTH,77,NC COMMISSIONER OF LABOR,2024-11-05,1070,1178,0,2248,REP,108,4.8,-4.8,4.84,Tier 4: Opportunity (2.0-5.0%),0.45877551020408175
FORSYTH,54,NC HOUSE OF REPRESENTATIVES DISTRICT 074,2024-11-05,1071,1179,0,2250,REP,108,4.8,-4.8,4.84,Tier 4: Opportunity (2.0-5.0%),0.4591836734693878
FORSYTH,77,NC STATE SENATE DISTRICT 32,2022-11-08,701,773,0,1474,REP,72,4.88,-4.88,4.95,Tier 4: Opportunity (2.0-5.0%),0.29598393574297194
FORSYTH,803,NC AUDITOR,2020-11-03,702,774,0,1476,REP,72,4.88,-4.88,4.94,Tier 4: Opportunity (2.0-5.0%),0.29638554216867474
FORSYTH,43,NC SUPREME COURT ASSOCIATE JUSTICE SEAT 02,2020-11-03,1021,1126,0,2147,REP,105,4.89,-4.89,4.93,Tier 4: Opportunity (2.0-5.0%),0.4302605210420842
FORSYTH,908,NC DISTRICT COURT JUDGE DISTRICT 21 SEAT 08,2020-11-03,1101,1215,0,2316,REP,114,4.92,-4.92,4.96,Tier 4: Opportunity (2.0-5.0%),0.4613545816733068
FORSYTH,43,NC COURT OF APPEALS JUDGE SEAT 15,2024-11-05,990,1093,0,2083,REP,103,4.94,-4.94,4.99,Tier 4: Opportunity (2.0-5.0%),0.4132936507936508
FORSYTH,15,NC SECRETARY OF STATE,2024-11-05,1642,1813,0,3455,REP,171,4.95,-4.95,4.98,Tier 4: Opportunity (2.0-5.0%),0.6841584158415842
FORSYTH,16,NC SUPREME COURT ASSOCIATE JUSTICE SEAT 03,2022-11-08,723,799,0,1522,REP,76,4.99,-4.99,5.05,Tier 4: Opportunity (2.0-5.0%),0.29901768172888016
FORSYTH,806,NC COMMISSIONER OF AGRICULTURE,2020-11-03,751,830,0,1581,REP,79,5.0,-5.0,5.05,Tier 4: Opportunity (2.0-5.0%),0.31000000000000005
FORSYTH,77,NC SUPREME COURT ASSOCIATE JUSTICE SEAT 03,2022-11-08,710,785,0,1495,REP,75,5.02,-5.02,5.08,Tier 5: Long-term (5.0%+),0.29199218750000006
FORSYTH,132,NC SUPREME COURT ASSOCIATE JUSTICE SEAT 02,2020-11-03,1670,1848,0,3518,REP,178,5.06,-5.06,5.09,Tier 5: Long-term (5.0%+),0.6817829457364342
FORSYTH,131,FORSYTH COUNTY BOARD OF COMMISSIONERS DISTRICT B,2024-11-05,3678,4072,0,7750,REP,394,5.08,-5.08,5.1,Tier 5: Long-term (5.0%+),1.4961389961389961
FORSYTH,52,NC COURT OF APPEALS JUDGE SEAT 08,2022-11-08,372,412,0,784,REP,40,5.1,-5.1,5.22,Tier 5: Long-term (5.0%+),0.1507692307692308
FORSYTH,85,NC SECRETARY OF STATE,2024-11-05,889,985,0,1874,REP,96,5.12,-5.12,5.17,Tier 5: Long-term (5.0%+),0.35900383141762454
FORSYTH,52,NC SUPREME COURT ASSOCIATE JUSTICE SEAT 03,2022-11-08,380,421,0,801,REP,41,5.12,-5.12,5.23,Tier 5: Long-term (5.0%+),0.15344827586206897
FORSYTH,43,NC COURT OF APPEALS JUDGE SEAT 05,2020-11-03,1008,1117,0,2125,REP,109,5.13,-5.13,5.17,Tier 5: Long-term (5.0%+),0.40630975143403447
FORSYTH,16,NC COURT OF APPEALS JUDGE SEAT 10,2022-11-08,719,797,0,1516,REP,78,5.15,-5.15,5.2,Tier 5: Long-term (5.0%+),0.2887619047619048
FORSYTH,67,NC STATE SENATE DISTRICT 31,2020-11-03,689,764,0,1453,REP,75,5.16,-5.16,5.22,Tier 5: Long-term (5.0%+),0.27623574144486696
FORSYTH,63,NC GOVERNOR,2024-11-05,1396,1548,0,2944,REP,152,5.16,-5.16,5.19,Tier 5: Long-term (5.0%+),0.5596958174904944
FORSYTH,43,NC COMMISSIONER OF LABOR,2020-11-03,1010,1120,0,2130,REP,110,5.16,-5.16,5.21,Tier 5: Long-term (5.0%+),0.4049429657794677
FORSYTH,67,NC AUDITOR,2024-11-05,633,702,0,1335,REP,69,5.17,-5.17,5.24,Tier 5: Long-term (5.0%+),0.25332068311195444
FORSYTH,803,NC COURT OF APPEALS JUDGE SEAT 08,2022-11-08,567,629,0,1196,REP,62,5.18,-5.18,5.26,Tier 5: Long-term (5.0%+),0.22651515151515153
FORSYTH,52,FORSYTH COUNTY BOARD OF EDUCATION AT-LARGE,2022-11-08,1044,1160,0,2204,REP,116,5.26,-5.26,5.3,Tier 5: Long-term (5.0%+),0.4111940298507463
FORSYTH,123,DISTRICT ATTORNEY DISTRICT 31,2022-11-08,774,860,0,1634,REP,86,5.26,-5.26,5.32,Tier 5: Long-term (5.0%+),0.3048507462686567
FORSYTH,77,NC COURT OF APPEALS JUDGE SEAT 10,2022-11-08,701,779,0,1480,REP,78,5.27,-5.27,5.33,Tier 5: Long-term (5.0%+),0.27560521415270023
FORSYTH,809,FORSYTH COUNTY BOARD OF COMMISSIONERS DISTRICT B,2020-11-03,3050,3390,0,6440,REP,340,5.28,-5.28,5.29,Tier 5: Long-term (5.0%+),1.1970260223048328
FORSYTH,64,NC ATTORNEY GENERAL,2024-11-05,500,556,0,1056,REP,56,5.3,-5.3,5.39,Tier 5: Long-term (5.0%+),0.1955555555555556
FORSYTH,74,FORSYTH COUNTY BOARD OF COMMISSIONERS DISTRICT B,2020-11-03,3500,3893,0,7393,REP,393,5.32,-5.32,5.33,Tier 5: Long-term (5.0%+),1.3640221402214021
FORSYTH,131,NC COURT OF APPEALS JUDGE SEAT 14,2024-11-05,1436,1598,0,3034,REP,162,5.34,-5.34,5.37,Tier 5: Long-term (5.0%+),0.5577205882352941
FORSYTH,77,NC TREASURER,2024-11-05,1081,1203,0,2284,REP,122,5.34,-5.34,5.38,Tier 5: Long-term (5.0%+),0.4198529411764706
FORSYTH,908,NC TREASURER,2020-11-03,1111,1237,0,2348,REP,126,5.37,-5.37,5.4,Tier 5: Long-term (5.0%+),0.4292504570383912
FORSYTH,132,NC HOUSE OF REPRESENTATIVES DISTRICT 074,2020-11-03,1661,1850,0,3511,REP,189,5.38,-5.38,5.41,Tier 5: Long-term (5.0%+),0.6406934306569344
FORSYTH,131,NC COMMISSIONER OF INSURANCE,2024-11-05,1438,1602,0,3040,REP,164,5.39,-5.39,5.42,Tier 5: Long-term (5.0%+),0.5537340619307833
FORSYTH,32,NC SUPREME COURT ASSOCIATE JUSTICE SEAT 06,2024-11-05,1267,1413,0,2680,REP,146,5.45,-5.45,5.48,Tier 5: Long-term (5.0%+),0.48288288288288295
FORSYTH,67,NC COURT OF APPEALS JUDGE SEAT 12,2024-11-05,658,734,0,1392,REP,76,5.46,-5.46,5.52,Tier 5: Long-term (5.0%+),0.25035971223021586
FORSYTH,43,US HOUSE OF REPRESENTATIVES DISTRICT 06,2020-11-03,1003,1119,0,2122,REP,116,5.47,-5.47,5.51,Tier 5: Long-term (5.0%+),0.3809694793536805
FORSYTH,64,NC SECRETARY OF STATE,2024-11-05,498,556,0,1054,REP,58,5.5,-5.5,5.59,Tier 5: Long-term (5.0%+),0.18821428571428572
FORSYTH,71,NC LIEUTENANT GOVERNOR,2024-11-05,1431,1598,0,3029,REP,167,5.51,-5.51,5.54,Tier 5: Long-term (5.0%+),0.5399286987522283
FORSYTH,43,NC COURT OF APPEALS JUDGE SEAT 06,2020-11-03,1006,1124,0,2130,REP,118,5.54,-5.54,5.58,Tier 5: Long-term (5.0%+),0.3776595744680851
FORSYTH,43,NC HOUSE OF REPRESENTATIVES DISTRICT 075,2020-11-03,999,1117,0,2116,REP,118,5.58,-5.58,5.62,Tier 5: Long-term (5.0%+),0.3725352112676057
FORSYTH,52,US PRESIDENT,2024-11-05,471,527,0,998,REP,56,5.61,-5.61,5.7,Tier 5: Long-term (5.0%+),0.17478108581436078
FORSYTH,52,NC STATE SENATE DISTRICT 32,2022-11-08,370,414,0,784,REP,44,5.61,-5.61,5.73,Tier 5: Long-term (5.0%+),0.1373029772329247
FORSYTH,135,NC COURT OF APPEALS JUDGE SEAT 12,2024-11-05,1319,1476,0,2795,REP,157,5.62,-5.62,5.65,Tier 5: Long-term (5.0%+),0.4886363636363637
FORSYTH,17,NC LIEUTENANT GOVERNOR,2024-11-05,768,860,0,1628,REP,92,5.65,-5.65,5.71,Tier 5: Long-term (5.0%+),0.2831304347826087
FORSYTH,64,NC SUPERINTENDENT OF PUBLIC INSTRUCTION,2024-11-05,493,552,0,1045,REP,59,5.65,-5.65,5.73,Tier 5: Long-term (5.0%+),0.1817391304347826
FORSYTH,74,DISTRICT ATTORNEY DISTRICT 31,2022-11-08,988,1108,0,2096,REP,120,5.73,-5.73,5.77,Tier 5: Long-term (5.0%+),0.3595197255574614
FORSYTH,16,NC AUDITOR,2024-11-05,1036,1162,0,2198,REP,126,5.73,-5.73,5.77,Tier 5: Long-term (5.0%+),0.37701543739279586
FORSYTH,77,FORSYTH COUNTY BOARD OF EDUCATION AT-LARGE,2022-11-08,1900,2132,0,4032,REP,232,5.75,-5.75,5.78,Tier 5: Long-term (5.0%+),0.6892307692307692
FORSYTH,132,NC ATTORNEY GENERAL,2020-11-03,1673,1878,0,3551,REP,205,5.77,-5.77,5.8,Tier 5: Long-term (5.0%+),0.6049403747870529
FORSYTH,807,FORSYTH COUNTY BOARD OF COMMISSIONERS DISTRICT B,2020-11-03,2049,2300,0,4349,REP,251,5.77,-5.77,5.79,Tier 5: Long-term (5.0%+),0.740885860306644
FORSYTH,16,FORSYTH COUNTY BOARD OF EDUCATION AT-LARGE,2022-11-08,1950,2189,0,4139,REP,239,5.77,-5.77,5.8,Tier 5: Long-term (5.0%+),0.7051107325383307
FORSYTH,15,NC SUPREME COURT ASSOCIATE JUSTICE SEAT 06,2024-11-05,1621,1820,0,3441,REP,199,5.78,-5.78,5.81,Tier 5: Long-term (5.0%+),0.585204081632653
FORSYTH,32,NC HOUSE OF REPRESENTATIVES DISTRICT 074,2024-11-05,1257,1412,0,2669,REP,155,5.81,-5.81,5.84,Tier 5: Long-term (5.0%+),0.45160744500846034
FORSYTH,132,NC STATE SENATE DISTRICT 32,2020-11-03,1644,1847,0,3491,REP,203,5.81,-5.81,5.84,Tier 5: Long-term (5.0%+),0.590693739424704
FORSYTH,132,NC SUPERINTENDENT OF PUBLIC INSTRUCTION,2020-11-03,1655,1859,0,3514,REP,204,5.81,-5.81,5.83,Tier 5: Long-term (5.0%+),0.594585448392555
FORSYTH,131,NC TREASURER,2024-11-05,1434,1612,0,3046,REP,178,5.84,-5.84,5.87,Tier 5: Long-term (5.0%+),0.5127946127946128
FORSYTH,54,NC LIEUTENANT GOVERNOR,2024-11-05,1047,1177,0,2224,REP,130,5.85,-5.85,5.88,Tier 5: Long-term (5.0%+),0.37378151260504205
FORSYTH,803,NC AUDITOR,2024-11-05,652,733,0,1385,REP,81,5.85,-5.85,5.91,Tier 5: Long-term (5.0%+),0.2327731092436975
FORSYTH,54,NC SECRETARY OF STATE,2024-11-05,1065,1198,0,2263,REP,133,5.88,-5.88,5.92,Tier 5: Long-term (5.0%+),0.3784280936454849
FORSYTH,132,US SENATE,2020-11-03,1611,1813,0,3424,REP,202,5.9,-5.9,5.93,Tier 5: Long-term (5.0%+),0.5706666666666667
FORSYTH,52,US PRESIDENT,2020-11-03,494,556,0,1050,REP,62,5.9,-5.9,5.99,Tier 5: Long-term (5.0%+),0.175
FORSYTH,52,NC SUPREME COURT CHIEF JUSTICE SEAT 01,2020-11-03,494,556,0,1050,REP,62,5.9,-5.9,5.99,Tier 5: Long-term (5.0%+),0.175
FORSYTH,67,NC SECRETARY OF STATE,2020-11-03,685,771,0,1456,REP,86,5.91,-5.91,5.97,Tier 5: Long-term (5.0%+),0.24226289517470884
FORSYTH,55,NC SUPREME COURT ASSOCIATE JUSTICE SEAT 06,2024-11-05,1509,1699,0,3208,REP,190,5.92,-5.92,5.95,Tier 5: Long-term (5.0%+),0.532890365448505
FORSYTH,807,NC DISTRICT COURT JUDGE DISTRICT 31 SEAT 10,2024-11-05,726,818,0,1544,REP,92,5.96,-5.96,6.02,Tier 5: Long-term (5.0%+),0.25478547854785477
FORSYTH,55,US PRESIDENT,2024-11-05,1529,1724,0,3253,REP,195,5.99,-5.99,6.02,Tier 5: Long-term (5.0%+),0.5341543513957308
FORSYTH,701,CITY OF WINSTON-SALEM COUNCIL MEMBER WEST WARD,2024-11-05,424,478,0,902,REP,54,5.99,-5.99,6.08,Tier 5: Long-term (5.0%+),0.14811165845648605
FORSYTH,43,NC COMMISSIONER OF INSURANCE,2020-11-03,1004,1132,0,2136,REP,128,5.99,-5.99,6.03,Tier 5: Long-term (5.0%+),0.35073891625615766
FORSYTH,77,NC COURT OF APPEALS JUDGE SEAT 11,2022-11-08,695,784,0,1479,REP,89,6.02,-6.02,6.08,Tier 5: Long-term (5.0%+),0.24166666666666672
FORSYTH,806,CITY OF WINSTON-SALEM COUNCIL MEMBER WEST WARD,2024-11-05,722,815,0,1537,REP,93,6.05,-6.05,6.11,Tier 5: Long-term (5.0%+),0.2499186991869919
FORSYTH,13,NC GOVERNOR,2020-11-03,1524,1722,0,3246,REP,198,6.1,-6.1,6.13,Tier 5: Long-term (5.0%+),0.5235483870967743
FORSYTH,67,US SENATE,2020-11-03,662,748,0,1410,REP,86,6.1,-6.1,6.16,Tier 5: Long-term (5.0%+),0.2274193548387097
FORSYTH,803,US HOUSE OF REPRESENTATIVES DISTRICT 10,2024-11-05,629,711,0,1340,REP,82,6.12,-6.12,6.18,Tier 5: Long-term (5.0%+),0.21543408360128619
FORSYTH,803,NC STATE SENATE DISTRICT 32,2020-11-03,687,777,0,1464,REP,90,6.15,-6.15,6.21,Tier 5: Long-term (5.0%+),0.23424
FORSYTH,51,NC SUPREME COURT ASSOCIATE JUSTICE SEAT 06,2024-11-05,1167,1320,0,2487,REP,153,6.15,-6.15,6.19,Tier 5: Long-term (5.0%+),0.39792000000000005
FORSYTH,67,US PRESIDENT,2024-11-05,668,756,0,1424,REP,88,6.18,-6.18,6.24,Tier 5: Long-term (5.0%+),0.2267515923566879
FORSYTH,43,US PRESIDENT,2024-11-05,997,1129,0,2126,REP,132,6.21,-6.21,6.25,Tier 5: Long-term (5.0%+),0.33692551505546753
FORSYTH,43,NC COURT OF APPEALS JUDGE SEAT 07,2020-11-03,999,1132,0,2131,REP,133,6.24,-6.24,6.28,Tier 5: Long-term (5.0%+),0.3361198738170346
FORSYTH,803,NC COURT OF APPEALS JUDGE SEAT 14,2024-11-05,660,748,0,1408,REP,88,6.25,-6.25,6.31,Tier 5: Long-term (5.0%+),0.22173228346456691
FORSYTH,43,NC SUPERINTENDENT OF PUBLIC INSTRUCTION,2020-11-03,1002,1136,0,2138,REP,134,6.27,-6.27,6.31,Tier 5: Long-term (5.0%+),0.33563579277864997
FORSYTH,52,NC HOUSE OF REPRESENTATIVES DISTRICT 074,2022-11-08,373,423,0,796,REP,50,6.28,-6.28,6.39,Tier 5: Long-term (5.0%+),0.12476489028213168
FORSYTH,131,NC COMMISSIONER OF LABOR,2024-11-05,1412,1602,0,3014,REP,190,6.3,-6.3,6.33,Tier 5: Long-term (5.0%+),0.47093749999999995
FORSYTH,77,US HOUSE OF REPRESENTATIVES DISTRICT 05,2022-11-08,705,800,0,1505,REP,95,6.31,-6.31,6.37,Tier 5: Long-term (5.0%+),0.23478939157566303
FORSYTH,43,NC COURT OF APPEALS JUDGE SEAT 13,2020-11-03,995,1130,0,2125,REP,135,6.35,-6.35,6.39,Tier 5: Long-term (5.0%+),0.3294573643410853
FORSYTH,132,NC COMMISSIONER OF LABOR,2020-11-03,1638,1860,0,3498,REP,222,6.35,-6.35,6.37,Tier 5: Long-term (5.0%+),0.5423255813953489
FORSYTH,135,NC SUPREME COURT ASSOCIATE JUSTICE SEAT 05,2022-11-08,942,1070,0,2012,REP,128,6.36,-6.36,6.41,Tier 5: Long-term (5.0%+),0.31145510835913315
FORSYTH,17,NC SECRETARY OF STATE,2024-11-05,787,894,0,1681,REP,107,6.37,-6.37,6.42,Tier 5: Long-term (5.0%+),0.2598145285935085
FORSYTH,16,FORSYTH COUNTY BOARD OF COMMISSIONERS AT-LARGE,2022-11-08,705,801,0,1506,REP,96,6.37,-6.37,6.43,Tier 5: Long-term (5.0%+),0.23276661514683153
FORSYTH,43,NC COMMISSIONER OF LABOR,2024-11-05,977,1110,0,2087,REP,133,6.37,-6.37,6.41,Tier 5: Long-term (5.0%+),0.3225656877897991
FORSYTH,807,NC COMMISSIONER OF AGRICULTURE,2024-11-05,718,816,0,1534,REP,98,6.39,-6.39,6.45,Tier 5: Long-term (5.0%+),0.2363636363636364
FORSYTH,131,NC SUPREME COURT CHIEF JUSTICE SEAT 01,2020-11-03,1304,1482,0,2786,REP,178,6.39,-6.39,6.42,Tier 5: Long-term (5.0%+),0.42927580893682593
FORSYTH,43,NC COMMISSIONER OF INSURANCE,2024-11-05,984,1119,0,2103,REP,135,6.42,-6.42,6.46,Tier 5: Long-term (5.0%+),0.3225460122699387
FORSYTH,135,NC STATE SENATE DISTRICT 32,2022-11-08,936,1065,0,2001,REP,129,6.45,-6.45,6.49,Tier 5: Long-term (5.0%+),0.3054961832061069
FORSYTH,52,US HOUSE OF REPRESENTATIVES DISTRICT 05,2022-11-08,377,429,0,806,REP,52,6.45,-6.45,6.56,Tier 5: Long-term (5.0%+),0.12305343511450383
FORSYTH,43,NC ATTORNEY GENERAL,2020-11-03,1007,1146,0,2153,REP,139,6.46,-6.46,6.5,Tier 5: Long-term (5.0%+),0.3282012195121951
FORSYTH,61,NC GOVERNOR,2020-11-03,811,923,0,1734,REP,112,6.46,-6.46,6.51,Tier 5: Long-term (5.0%+),0.26432926829268294
FORSYTH,131,US SENATE,2020-11-03,1266,1442,0,2708,REP,176,6.5,-6.5,6.53,Tier 5: Long-term (5.0%+),0.41030303030303034
FORSYTH,11,NC SECRETARY OF STATE,2020-11-03,1830,2085,0,3915,REP,255,6.51,-6.51,6.54,Tier 5: Long-term (5.0%+),0.5922844175491679
FORSYTH,52,US SENATE,2020-11-03,472,538,0,1010,REP,66,6.53,-6.53,6.62,Tier 5: Long-term (5.0%+),0.15233785822021115
FORSYTH,43,US PRESIDENT,2020-11-03,1001,1141,0,2142,REP,140,6.54,-6.54,6.58,Tier 5: Long-term (5.0%+),0.3225903614457831
FORSYTH,131,NC HOUSE OF REPRESENTATIVES DISTRICT 074,2020-11-03,1298,1481,0,2779,REP,183,6.59,-6.59,6.62,Tier 5: Long-term (5.0%+),0.41539611360239165
FORSYTH,135,CITY OF WINSTON-SALEM COUNCIL MEMBER WEST WARD,2024-11-05,870,993,0,1863,REP,123,6.6,-6.6,6.65,Tier 5: Long-term (5.0%+),0.27805970149253734
FORSYTH,43,NC COURT OF APPEALS JUDGE SEAT 14,2024-11-05,975,1113,0,2088,REP,138,6.61,-6.61,6.65,Tier 5: Long-term (5.0%+),0.311177347242921
FORSYTH,908,NC COMMISSIONER OF AGRICULTURE,2020-11-03,1101,1257,0,2358,REP,156,6.62,-6.62,6.65,Tier 5: Long-term (5.0%+),0.3508928571428572
FORSYTH,131,NC SUPERINTENDENT OF PUBLIC INSTRUCTION,2020-11-03,1296,1480,0,2776,REP,184,6.63,-6.63,6.66,Tier 5: Long-term (5.0%+),0.412481426448737
FORSYTH,11,NC AUDITOR,2020-11-03,1823,2083,0,3906,REP,260,6.66,-6.66,6.68,Tier 5: Long-term (5.0%+),0.577810650887574
FORSYTH,67,NC ATTORNEY GENERAL,2020-11-03,685,783,0,1468,REP,98,6.68,-6.68,6.73,Tier 5: Long-term (5.0%+),0.21651917404129797
FORSYTH,16,NC COURT OF APPEALS JUDGE SEAT 15,2024-11-05,1069,1222,0,2291,REP,153,6.68,-6.68,6.72,Tier 5: Long-term (5.0%+),0.33790560471976405
FORSYTH,134,NC ATTORNEY GENERAL,2024-11-05,1310,1498,0,2808,REP,188,6.7,-6.7,6.73,Tier 5: Long-term (5.0%+),0.4129411764705882
FORSYTH,67,NC SUPREME COURT CHIEF JUSTICE SEAT 01,2020-11-03,682,780,0,1462,REP,98,6.7,-6.7,6.76,Tier 5: Long-term (5.0%+),0.215
FORSYTH,43,NC HOUSE OF REPRESENTATIVES DISTRICT 075,2024-11-05,967,1107,0,2074,REP,140,6.75,-6.75,6.79,Tier 5: Long-term (5.0%+),0.3027737226277372
FORSYTH,803,NC COURT OF APPEALS JUDGE SEAT 10,2022-11-08,556,637,0,1193,REP,81,6.79,-6.79,6.86,Tier 5: Long-term (5.0%+),0.17314949201741656
FORSYTH,131,NC COURT OF APPEALS JUDGE SEAT 09,2022-11-08,984,1129,0,2113,REP,145,6.86,-6.86,6.9,Tier 5: Long-term (5.0%+),0.3035919540229885
FORSYTH,43,NC DISTRICT COURT JUDGE DISTRICT 21 SEAT 08,2020-11-03,955,1096,0,2051,REP,141,6.87,-6.87,6.92,Tier 5: Long-term (5.0%+),0.29426111908177904
FORSYTH,805,DISTRICT ATTORNEY DISTRICT 31,2022-11-08,799,917,0,1716,REP,118,6.88,-6.88,6.93,Tier 5: Long-term (5.0%+),0.24584527220630376
FORSYTH,52,NC ATTORNEY GENERAL,2020-11-03,491,564,0,1055,REP,73,6.92,-6.92,7.0,Tier 5: Long-term (5.0%+),0.15028490028490027
FORSYTH,43,NC TREASURER,2024-11-05,975,1120,0,2095,REP,145,6.92,-6.92,6.96,Tier 5: Long-term (5.0%+),0.29843304843304846
FORSYTH,804,FORSYTH COUNTY BOARD OF COMMISSIONERS DISTRICT B,2020-11-03,1377,1582,0,2959,REP,205,6.93,-6.93,6.96,Tier 5: Long-term (5.0%+),0.42091038406827885
FORSYTH,131,NC STATE SENATE DISTRICT 32,2020-11-03,1283,1474,0,2757,REP,191,6.93,-6.93,6.96,Tier 5: Long-term (5.0%+),0.39217638691322904
FORSYTH,67,NC TREASURER,2024-11-05,651,748,0,1399,REP,97,6.93,-6.93,7.0,Tier 5: Long-term (5.0%+),0.19900426742532007
FORSYTH,131,NC ATTORNEY GENERAL,2020-11-03,1310,1505,0,2815,REP,195,6.93,-6.93,6.96,Tier 5: Long-term (5.0%+),0.4004267425320057
FORSYTH,52,NC SUPREME COURT ASSOCIATE JUSTICE SEAT 02,2020-11-03,487,560,0,1047,REP,73,6.97,-6.97,7.05,Tier 5: Long-term (5.0%+),0.1480905233380481
FORSYTH,43,NC COURT OF APPEALS JUDGE SEAT 04,2020-11-03,992,1141,0,2133,REP,149,6.99,-6.99,7.03,Tier 5: Long-term (5.0%+),0.30084626234132583
FORSYTH,802,NC DISTRICT COURT JUDGE DISTRICT 21 SEAT 08,2020-11-03,612,704,0,1316,REP,92,6.99,-6.99,7.06,Tier 5: Long-term (5.0%+),0.18561354019746124
FORSYTH,132,NC SUPREME COURT ASSOCIATE JUSTICE SEAT 04,2020-11-03,1631,1877,0,3508,REP,246,7.01,-7.01,7.04,Tier 5: Long-term (5.0%+),0.4933895921237694
FORSYTH,804,NC COMMISSIONER OF AGRICULTURE,2020-11-03,494,569,0,1063,REP,75,7.06,-7.06,7.14,Tier 5: Long-term (5.0%+),0.148463687150838
FORSYTH,11,NC SUPREME COURT CHIEF JUSTICE SEAT 01,2020-11-03,1825,2103,0,3928,REP,278,7.08,-7.08,7.1,Tier 5: Long-term (5.0%+),0.547075208913649
FORSYTH,43,NC STATE SENATE DISTRICT 31,2024-11-05,965,1112,0,2077,REP,147,7.08,-7.08,7.12,Tier 5: Long-term (5.0%+),0.2892757660167131
FORSYTH,135,NC COURT OF APPEALS JUDGE SEAT 08,2022-11-08,929,1071,0,2000,REP,142,7.1,-7.1,7.14,Tier 5: Long-term (5.0%+),0.2777777777777778
FORSYTH,135,NC SUPREME COURT ASSOCIATE JUSTICE SEAT 03,2022-11-08,935,1078,0,2013,REP,143,7.1,-7.1,7.15,Tier 5: Long-term (5.0%+),0.27958333333333335
FORSYTH,132,NC LIEUTENANT GOVERNOR,2020-11-03,1649,1901,0,3550,REP,252,7.1,-7.1,7.12,Tier 5: Long-term (5.0%+),0.4930555555555556
FORSYTH,132,NC COURT OF APPEALS JUDGE SEAT 09,2022-11-08,1225,1413,0,2638,REP,188,7.13,-7.13,7.16,Tier 5: Long-term (5.0%+),0.3648686030428769
FORSYTH,803,NC SUPREME COURT ASSOCIATE JUSTICE SEAT 04,2020-11-03,688,794,0,1482,REP,106,7.15,-7.15,7.21,Tier 5: Long-term (5.0%+),0.20441379310344826
FORSYTH,52,NC COURT OF APPEALS JUDGE SEAT 11,2022-11-08,363,419,0,782,REP,56,7.16,-7.16,7.27,Tier 5: Long-term (5.0%+),0.10771349862258954
FORSYTH,802,NC ATTORNEY GENERAL,2020-11-03,639,738,0,1377,REP,99,7.19,-7.19,7.25,Tier 5: Long-term (5.0%+),0.18888888888888888
FORSYTH,32,NC AUDITOR,2024-11-05,1200,1386,0,2586,REP,186,7.19,-7.19,7.23,Tier 5: Long-term (5.0%+),0.35473251028806585
FORSYTH,65,NC SUPERINTENDENT OF PUBLIC INSTRUCTION,2024-11-05,1647,1904,0,3551,REP,257,7.24,-7.24,7.26,Tier 5: Long-term (5.0%+),0.48378746594005456
FORSYTH,52,NC COURT OF APPEALS JUDGE SEAT 10,2022-11-08,364,421,0,785,REP,57,7.26,-7.26,7.37,Tier 5: Long-term (5.0%+),0.10665760869565219
FORSYTH,51,US PRESIDENT,2024-11-05,1176,1360,0,2536,REP,184,7.26,-7.26,7.29,Tier 5: Long-term (5.0%+),0.3445652173913044
FORSYTH,51,NC HOUSE OF REPRESENTATIVES DISTRICT 074,2024-11-05,1149,1329,0,2478,REP,180,7.26,-7.26,7.3,Tier 5: Long-term (5.0%+),0.3366847826086957
FORSYTH,16,NC HOUSE OF REPRESENTATIVES DISTRICT 075,2024-11-05,1066,1233,0,2299,REP,167,7.26,-7.26,7.3,Tier 5: Long-term (5.0%+),0.31236413043478267
FORSYTH,43,NC LIEUTENANT GOVERNOR,2020-11-03,997,1153,0,2150,REP,156,7.26,-7.26,7.3,Tier 5: Long-term (5.0%+),0.29211956521739135
FORSYTH,85,US HOUSE OF REPRESENTATIVES DISTRICT 06,2022-11-08,574,664,0,1238,REP,90,7.27,-7.27,7.34,Tier 5: Long-term (5.0%+),0.1679782903663501
FORSYTH,134,NC SUPERINTENDENT OF PUBLIC INSTRUCTION,2024-11-05,1294,1497,0,2791,REP,203,7.27,-7.27,7.3,Tier 5: Long-term (5.0%+),0.37869742198100415
FORSYTH,67,NC SUPREME COURT ASSOCIATE JUSTICE SEAT 02,2020-11-03,678,785,0,1463,REP,107,7.31,-7.31,7.37,Tier 5: Long-term (5.0%+),0.19743589743589748
FORSYTH,135,US HOUSE OF REPRESENTATIVES DISTRICT 05,2022-11-08,938,1086,0,2024,REP,148,7.31,-7.31,7.35,Tier 5: Long-term (5.0%+),0.273144399460189
FORSYTH,64,NC LIEUTENANT GOVERNOR,2024-11-05,469,543,0,1012,REP,74,7.31,-7.31,7.4,Tier 5: Long-term (5.0%+),0.1365721997300945
FORSYTH,67,NC AUDITOR,2020-11-03,671,777,0,1448,REP,106,7.32,-7.32,7.38,Tier 5: Long-term (5.0%+),0.19514824797843663
FORSYTH,131,NC SUPREME COURT ASSOCIATE JUSTICE SEAT 02,2020-11-03,1293,1498,0,2791,REP,205,7.35,-7.35,7.38,Tier 5: Long-term (5.0%+),0.37463087248322147
FORSYTH,71,NC SUPREME COURT ASSOCIATE JUSTICE SEAT 06,2024-11-05,1434,1662,0,3096,REP,228,7.36,-7.36,7.39,Tier 5: Long-term (5.0%+),0.4150134048257373
FORSYTH,132,NC COURT OF APPEALS JUDGE SEAT 13,2020-11-03,1615,1872,0,3487,REP,257,7.37,-7.37,7.39,Tier 5: Long-term (5.0%+),0.46680053547523426
FORSYTH,61,NC SUPERINTENDENT OF PUBLIC INSTRUCTION,2024-11-05,810,939,0,1749,REP,129,7.38,-7.38,7.42,Tier 5: Long-term (5.0%+),0.23382352941176474
FORSYTH,132,NC DISTRICT COURT JUDGE DISTRICT 31 SEAT 10,2024-11-05,1739,2017,0,3756,REP,278,7.4,-7.4,7.42,Tier 5: Long-term (5.0%+),0.5007999999999999
FORSYTH,85,NC ATTORNEY GENERAL,2024-11-05,873,1013,0,1886,REP,140,7.42,-7.42,7.47,Tier 5: Long-term (5.0%+),0.2507978723404255
FORSYTH,132,NC COURT OF APPEALS JUDGE SEAT 05,2020-11-03,1620,1884,0,3504,REP,264,7.53,-7.53,7.56,Tier 5: Long-term (5.0%+),0.45923984272608126
FORSYTH,55,US SENATE,2022-11-08,1062,1235,0,2297,REP,173,7.53,-7.53,7.57,Tier 5: Long-term (5.0%+),0.30104849279161205
FORSYTH,16,NC COURT OF APPEALS JUDGE SEAT 09,2022-11-08,699,813,0,1512,REP,114,7.54,-7.54,7.6,Tier 5: Long-term (5.0%+),0.19790575916230366
FORSYTH,131,NC SUPREME COURT ASSOCIATE JUSTICE SEAT 04,2020-11-03,1285,1495,0,2780,REP,210,7.55,-7.55,7.58,Tier 5: Long-term (5.0%+),0.3633986928104575
FORSYTH,71,US PRESIDENT,2024-11-05,1458,1696,0,3154,REP,238,7.55,-7.55,7.57,Tier 5: Long-term (5.0%+),0.41228758169934643
FORSYTH,803,FORSYTH COUNTY BOARD OF COMMISSIONERS DISTRICT B,2024-11-05,1795,2089,0,3884,REP,294,7.57,-7.57,7.59,Tier 5: Long-term (5.0%+),0.5063885267275098
FORSYTH,135,NC COURT OF APPEALS JUDGE SEAT 15,2024-11-05,1277,1488,0,2765,REP,211,7.63,-7.63,7.66,Tier 5: Long-term (5.0%+),0.35769728331177236
FORSYTH,61,NC ATTORNEY GENERAL,2024-11-05,817,952,0,1769,REP,135,7.63,-7.63,7.68,Tier 5: Long-term (5.0%+),0.22884864165588614
FORSYTH,32,NC COURT OF APPEALS JUDGE SEAT 12,2024-11-05,1235,1439,0,2674,REP,204,7.63,-7.63,7.66,Tier 5: Long-term (5.0%+),0.34592496765847347
FORSYTH,67,US HOUSE OF REPRESENTATIVES DISTRICT 06,2020-11-03,671,782,0,1453,REP,111,7.64,-7.64,7.7,Tier 5: Long-term (5.0%+),0.1877260981912145
FORSYTH,132,NC COURT OF APPEALS JUDGE SEAT 07,2020-11-03,1615,1883,0,3498,REP,268,7.66,-7.66,7.69,Tier 5: Long-term (5.0%+),0.4507731958762887
FORSYTH,85,NC LIEUTENANT GOVERNOR,2024-11-05,848,989,0,1837,REP,141,7.68,-7.68,7.72,Tier 5: Long-term (5.0%+),0.2361182519280206
FORSYTH,802,NC TREASURER,2020-11-03,624,728,0,1352,REP,104,7.69,-7.69,7.75,Tier 5: Long-term (5.0%+),0.1735558408215661
FORSYTH,16,US PRESIDENT,2024-11-05,1068,1247,0,2315,REP,179,7.73,-7.73,7.77,Tier 5: Long-term (5.0%+),0.29565772669220947
FORSYTH,135,NC STATE SENATE DISTRICT 31,2024-11-05,1281,1496,0,2777,REP,215,7.74,-7.74,7.77,Tier 5: Long-term (5.0%+),0.35420918367346943
FORSYTH,67,NC HOUSE OF REPRESENTATIVES DISTRICT 075,2024-11-05,637,744,0,1381,REP,107,7.75,-7.75,7.81,Tier 5: Long-term (5.0%+),0.1759235668789809
FORSYTH,67,NC HOUSE OF REPRESENTATIVES DISTRICT 075,2020-11-03,663,775,0,1438,REP,112,7.79,-7.79,7.85,Tier 5: Long-term (5.0%+),0.18225602027883397
FORSYTH,15,NC AUDITOR,2024-11-05,1529,1788,0,3317,REP,259,7.81,-7.81,7.83,Tier 5: Long-term (5.0%+),0.41934260429835657
FORSYTH,135,NC AUDITOR,2024-11-05,1249,1461,0,2710,REP,212,7.82,-7.82,7.85,Tier 5: Long-term (5.0%+),0.3421717171717172
FORSYTH,908,FORSYTH COUNTY BOARD OF COMMISSIONERS DISTRICT B,2020-11-03,2950,3451,0,6401,REP,501,7.83,-7.83,7.84,Tier 5: Long-term (5.0%+),0.80718789407314
FORSYTH,52,NC COURT OF APPEALS JUDGE SEAT 12,2024-11-05,451,528,0,979,REP,77,7.87,-7.87,7.95,Tier 5: Long-term (5.0%+),0.12283563362609788
FORSYTH,135,US HOUSE OF REPRESENTATIVES DISTRICT 10,2024-11-05,1230,1442,0,2672,REP,212,7.93,-7.93,7.97,Tier 5: Long-term (5.0%+),0.3327521793275218
FORSYTH,802,NC DISTRICT COURT JUDGE DISTRICT 31 SEAT 10,2024-11-05,642,753,0,1395,REP,111,7.96,-7.96,8.02,Tier 5: Long-term (5.0%+),0.17307692307692307
FORSYTH,132,NC COURT OF APPEALS JUDGE SEAT 04,2020-11-03,1612,1891,0,3503,REP,279,7.96,-7.96,7.99,Tier 5: Long-term (5.0%+),0.4346153846153846
FORSYTH,77,NC DISTRICT COURT JUDGE DISTRICT 31 SEAT 10,2024-11-05,1034,1213,0,2247,REP,179,7.97,-7.97,8.0,Tier 5: Long-term (5.0%+),0.2784386617100371
FORSYTH,16,NC COURT OF APPEALS JUDGE SEAT 14,2024-11-05,1057,1240,0,2297,REP,183,7.97,-7.97,8.0,Tier 5: Long-term (5.0%+),0.284634448574969
